station_abbreviation;stop_name;km;opuic;latitude;longitude
ABO;Aarburg-Oftringen;43.00505;8502000;47.320268469495055;7.908222606719322
AHAU;Altishausen;29.09142;8506199;47.59648829967649;9.16237708933304
ALG;Algetshausen-Henau;103.23323;8506220;47.44854834568097;9.109942187774752
ALME;Al Motto (c bin);160.92853;8515373;46.14399680106596;8.949151861285673
ALT;Altstatten SG;41.17789;8506319;47.374234807062635;9.556519883564428
ALTD;Altendorf;37.17886;8503211;47.19396706593207;8.822905848209773
ARBS;Arbon Seemoosriet;88.8155;8516270;47.52119525824644;9.425019519186609
ARCY;Archy (bif);6.3254;8501147;46.5422333878847;6.5587921121162704
ASKO;Amsteg Kabelstollen Ost;-0.14456;8518490;46.77514393409789;8.696919436857625
ASZO;Amsteg Zugangsstollen Ost;1.99255;8518489;46.77442642331145;8.697434399289083
AUV;Auvernier;70.34416;8504219;46.97964166884437;6.8777080441799665
BAER;Barschwil;97.5245;8500112;47.40078666472672;7.476914155536893
BAZM;Bazenheid MICARNA (Abzw);6.37866;8506224;47.41478506796534;9.07095131252529
BDF;Burgdorf;83.3908;8508005;47.060700726390664;7.621694473552611
BDFW;Burgdorf;20.45859;8515377;47.06111773246942;7.616313265792991
BFG;Rothrist;44.86;8516022;47.31087016990948;7.8958579028457425
BG;Brugg AG;31.27262;8500309;47.48085983498152;8.208844553488955
BGN;Brugg AG Nord (Abzw);32.46007;8500341;47.4815635562081;8.197782441936672
BIHW;Biel/Bienne RB;97.196;8515002;47.141193612021276;7.2609299029286785
BIPO;Biel Produktionsanlage Ost;96.47373;8519667;47.14428172431765;7.269236196666405
BIRW;Biel/Bienne RB;33.43695;8504341;47.138676293014576;7.260997603166892
BIW;Biel/Bienne;104.215;8515308;47.13374569842927;7.239342709106097
BN;Bern;106.15556;8507000;46.94883229049847;7.439130889923934
BNG;Bussnang;16.35061;8506190;47.55608405274382;9.084163066148538
BNHB;Bern;-0.40001;8516765;46.95352213754334;7.438849435642185
BNWD;Bern Wankdorf;102.95;8516161;46.96782576596228;7.4654778008818585
BOCS;Bodio cunicolo di aggira. sud;0.0;8518496;46.37247298202001;8.927696486922585
BONI;Boniswil;32.85;8502032;47.31503873659609;8.184560549260691
BOS;Boswil-Bunzen;77.7545;8502214;47.30518168341717;8.315283587648393
BOZS;Bozberg Zugangsstollen Sud;39.44141;8510214;47.457853457778704;8.128974754024018
BRF;Lupfig;4.41308;8502210;47.44365991517759;8.215744484685569
BRGG;Brunegg;7.0362;8519041;47.42041479790021;8.221690084939624
BRGL;Bruglen (Spw);102.26688;8515542;47.13315226816386;8.449548357527881
BRRB;Brig RB;146.55;8501641;46.32246399082152;8.000387812647455
BRSL;Dietlikon;12.63804;8508299;47.42632988017613;8.635746625795484
BRT;Bretonnieres;35.82299;8501105;46.715055329929;6.474732504265312
BS;Basel SBB;142.20294;8500010;47.54741205505015;7.589562790156526
BSDO;Bassersdorf;15.15283;8508328;47.437709575115356;8.63113963010776
BSDS;Basel SBB Dreispitz;-0.01;8500400;47.526078582662315;7.607213416832926
BSGO;Basel SBB GB;2.18599;8500015;47.542603846653016;7.61574793986772
BSHN;Basel St. Jakob;0.001;8510687;47.54201505745971;7.622449396232879
BSM;Basel Mitte;0.001;8510698;47.56014336631433;7.58675682302725
BSOS;Basel SBB RB;7.02762;8515388;47.52646973787135;7.673819773056598
BSSJ;Basel St. Johann;0.0;8500016;47.570306321253796;7.572529383710242
BSSS;Basel SBB;142.1386;8511070;47.54633713976441;7.588769916136767
BSVL;Basel SBB GB;121.22952;8500047;47.538925609163904;7.61261190506737
BSW;Basel SBB;141.382;8515389;47.546190291975456;7.579567394202976
BUDZ;Burgau Deponie ZAB (Agl);93.21929;8506219;47.4074212675883;9.214845995819019
BUE;Bulach;20.27248;8503400;47.52394992292488;8.53620919890506
BUHA;Buchhalde (Spw);48.09502;8515166;47.49994127271271;8.047338039006181
BWEY;Bern Weyermannshaus GB;2.35059;8519034;46.947319204090924;7.410917215840565
BWY;Bern Wyler;103.36806;8519030;46.966597923328145;7.460285363989357
BX;Buix;121.45023;8500144;47.47933325623299;7.029967263634954
BY;Bussigny;14.92027;8501117;46.547590367464494;6.551826149226752
CABS;Lancy-Bachet;65.409;8518336;46.175377347400655;6.126915066990144
CAMS;Camorino (dira);328.14415;8515978;46.15060841042306;8.987777531576837
CAP;Capolago-Riva S. Vitale;194.61388;8505304;45.902837295752974;8.97890525714865
CASN;Castione Nord (c bin);145.8593;8518908;46.23695509794125;9.035748545382623
CC;Concise;50.752;8504203;46.85088154377158;6.723157409168141
CDO;Cadenazzo;161.12861;8515391;46.154446211629406;8.920517434377995
CHA;Chamoson-St-Pierre-de-Clages;82.12316;8501504;46.188836380745485;7.241099046925848
CHAR;Charrat-Fully;70.8598;8501501;46.126812879357765;7.126476597938984
CHI;Chiasso;206.16614;8505307;45.832168026366816;9.031449562314267
CHIG;Chiggiogna (c bin);109.3837;8505243;46.466539081298166;8.823914388466841
CHN;Chambrelien;10.3982;8504234;46.96710900772342;6.812256765419986
CHNB;Chatelaine (bif);63.96;8510684;46.21706628316441;6.102912652630297
CHNE;Chatelaine (bif);63.7;8501027;46.21712946623201;6.10260396178578
CHS;Cheyres;12.62074;8504131;46.81694583078512;6.786393706697188
CHSM;Chiasso Smistamento;53.36063;8505309;45.83650502173001;8.99907734860974
CHY;Chambesy;56.781;8501020;46.24094485508302;6.147304320702687
CLA;Claro;143.46906;8505211;46.25317807542247;9.017046744780098
CORF;Cornaux industrie;2.0;8516195;47.03063516562637;7.029489071907224
CORN;Cornaux NE;0.0;8504223;47.03857203125885;7.023365662392411
COS;Cossonay-Penthalaz;14.48582;8501115;46.6060100852867;6.523689168142412
COTD;Bole;7.6866;8504339;46.971287901732545;6.845696032304349
CRGD;Creux-de-Genthod;53.80043;8501012;46.26376775842136;6.16131231071575
CRTT;Tunnel des Cretes (diag);22.55;8519440;46.44383741224059;6.888867106397062
CU;Cully;8.52314;8501124;46.48856179169186;6.727151466849018
CVN;La Conversion;4.0037;8504010;46.51308449748618;6.678323596771186
DAG;Dagmersellen;55.8035;8502004;47.21755794081286;7.979025922465623
DAIB;Daillens;19.115;8515319;46.63749808706161;6.5464284818957905
DENA;Denges-Echandens;8.26747;8515322;46.529550788897076;6.541811253692842
DEU;Les Deurres;3.102;8504231;46.98552471175161;6.899148428806808
DKO;Daniken SO;48.11923;8502143;47.35847858355934;7.9835188703755655
DOR;Dornach-Arlesheim;115.45125;8500118;47.48861983603079;7.611118941847514
DOSS;Dossenboden (Spw);65.10639;8500343;47.56277493787845;7.873081766409627
DOTU;Dottikon Umspannanlage;69.53517;8502239;47.36292268190962;8.249181985964887
DTLN;Dietlikon;11.18271;8508289;47.42208696472397;8.620575461134834
EI;Eiken;55.41077;8500304;47.53304427369629;7.989797553151227
EINF;Einfang (Abzw);6.31936;8503510;47.39883260637148;8.46256168850058
EMM;Emmenmatt;34.09164;8508206;46.94815408466332;7.747294833572194
EP;Ependes VD;32.69977;8501110;46.74641611110667;6.607661874433928
ER;Erstfeld;41.5832;8505114;46.82033940886055;8.650454640226307
ERNA;Erstfeld;40.90184;8516699;46.82611327509456;8.647665806227282
ESB;Eschenbach LU;8.567;8502022;47.13239599982784;8.322790731804622
EV;Evionnaz;57.85466;8501404;46.16925438008294;7.0255181527133255
EWW;Etzwilen;31.55627;8515443;47.660565080158065;8.81535642386426
FET;Fehraltorf;8.01575;8503302;47.385122805195785;8.750288115044176
FMUE;Fluhmuhle (Abzw);91.82149;8505043;47.05660071093559;8.286847621357769
FT;Feuerthalen;46.92914;8503425;47.69216947826751;8.645968428863812
GDMF;Goldau Muhlefluh (Verzw);14.54691;8502240;47.058659669413224;8.544314631831519
GDO;Arth-Goldau;38.19952;8515397;47.04866793607637;8.555349223773888
GEPO;Geneve;59.4;8501038;46.217577091092735;6.144365319922167
GEVO;Geneve;59.452;8519692;46.217109993155724;6.144410005910877
GEXI;Gexi;63.88238;8502133;47.3925293559803;8.192641828373958
GEXO;Gexi;30.01033;8515401;47.39289627210012;8.195238374374789
GIOC;Giornico (c bin);121.12164;8505245;46.406979449764926;8.869187641003764
GIUO;Giubiasco;226.16896;8515975;46.16675394328868;8.991275477472364
GLO;Glovelier;30.283;8500123;47.33520951994376;7.209312768167123
GLZB;Glanzenberg;9.5493;8503512;47.39887872505403;8.42044187660217
GM;Granges-Marnand;50.44178;8504122;46.75884492426054;6.8942897289298015
GRAL;Granges-Lens;101.5583;8501508;46.26558044135464;7.458728243759386
GREL;Grellingen;108.94158;8500115;47.441294895239395;7.591988354792369
GUE;Gumligen;113.95844;8507003;46.93432191878642;7.505504796286874
GUES;Gumligen Sud (Abzw);114.71;8515643;46.92994701242424;7.513031567645183
GUN;Guntershausen;120.94994;8506012;47.474121355749475;8.917032104095119
HDKN;Hendschiken;10.81463;8515403;47.39117150136008;8.20552126703547
HEBG;Heerbrugg;47.92854;8506317;47.41039250657927;9.627248828197752
HEDN;Hedingen Nord (Abzw);20.658;8517119;47.30827316240867;8.45002333136733
HEIM;Heimbach (Spw);93.36013;8515732;47.047305738786875;8.299501698835318
HERL;Herrliberg-Feldmeilen;16.61921;8503103;47.281826601079494;8.612733422252322
HI;Hinwil;22.54311;8503130;47.30005695036496;8.839719894409953
HOSA;Hochdorf Schonau;12.87;8502042;47.164569323416835;8.298733635090635
HRD;Hard Kaferberg (Abzw);1.19544;8503038;47.391528528692255;8.511446508511616
HRK;Harkingen Post;47.44768;8500232;47.32161417357507;7.818459754184846
HUCH;Hunenberg Chamleten;44.855;8502306;47.169159420183846;8.449908537945834
HUEB;Hubeli LU;88.44952;8515404;47.08450899073625;8.278758712216232
IM;Immensee;0.25695;8505003;47.09161865910385;8.46267203624508
INKV;Wanzwil (Abzw);70.59943;8516770;47.195489686886766;7.664704354672245
JON;Jonction (Geneve);0.9406;8501041;46.20182681641521;6.120856525220543
KAAG;Kaiserstuhl AG;30.19755;8503413;47.56644670040879;8.419162487955326
KAL;Kallnach;91.37025;8504402;47.02552339070353;7.235196475733738
KAU;Kaiseraugst;76.9769;8500300;47.53849572666361;7.724135542431692
KB;Koblenz;48.3789;8500329;47.600338298694254;8.22704969737929
KBGR;Koblenz Grenze;42.68535;8500330;47.60914553050531;8.234261896095722
KE;Kemptthal;20.49486;8503304;47.452838854280564;8.705586248208899
KGD;Kungoldingen;1.668;8502120;47.30214150681235;7.94179667101806
KGO;Kusnacht Goldbach;10.80557;8503141;47.3268567059159;8.575964186861642
KHGR;Kreuzlingen Hafen Grenze;100.88057;8518048;47.65444461478416;9.176939319704674
KI;Kiesen;128.303;8507008;46.81894382308369;7.575501284899161
KLI;Klingnau;38.222;8516176;47.581557221678345;8.250294852855244
KOL;Kollbrunn;8.64454;8506004;47.45832420329373;8.774016935648092
KZW;Kerzers;21.96598;8518338;46.9736615303049;7.1920890031589915
LABA;Lancy-Pont-Rouge;63.784;8516281;46.18985911331502;6.125127795666099
LANG;Langacher (Spw);17.83407;8502129;47.43750092637978;8.333084494450038
LD;Le Landeron;87.71714;8504225;47.05663638586615;7.066335333782948
LECH;Lechelles;35.47849;8504137;46.8284597332873;7.011627004942881
LGV;Lugano Vedeggio;178.537;8505345;46.02005169245087;8.917701834475181
LIT;Luzern Littau;89.17591;8508219;47.05306432009226;8.25711396709042
LNTW;Heimbach (Spw);0.0;8509013;47.04821326212028;8.298899339692394
LOC;Le Locle;0.0;8504316;47.05786104193193;6.746153276317333
LOCF;Le Locle-Frontiere;39.58;8504319;47.05021754114547;6.716942210700736
LONA;Lonay-Preverenges;9.9985;8515336;46.52361246493201;6.521015278801605
LONB;Lonay-Preverenges;9.7108;8515337;46.52480868959968;6.524339327578446
LOP;Locarno;172.00866;8515410;46.17246335641074;8.800480230575971
LOSI;Losinger (embr);3.528;8501438;46.243178339189186;6.982484903442376
LPN;Laupen BE;6.456;8504194;46.901292463367334;7.2420152396568875
LQ;Landquart;0.0;8509002;46.96744042835521;9.554044692079533
LSE;Lausanne;0.519;8515338;46.51419671251871;6.6344397881272865
LSTN;Liestal;13.83314;8515272;47.48788225620893;7.726230955921419
LTO;Lausanne-Triage;10.65066;8518430;46.524156667348116;6.523572184242272
LTS;Lausanne-Triage;11.47521;8501143;46.524982489956976;6.533994250118594
LTY;Lutry;5.073;8501122;46.50378676835819;6.690609436558635
LU;Luchsingen-Hatzingen;78.69079;8503236;46.965070692237894;9.039022486840029
LUET;Lutisburg;10.034;8506204;47.38482629654433;9.071100494646764
LZ;Luzern;95.09297;8505000;47.05017782808568;8.310183206942789
LZGE;Luzern Cargo;95.04;8509028;47.04891430583132;8.314038269272327
MA;Martigny;0.0;8501500;46.105831207174774;7.07912412848979
MAD;Madretsch;32.13356;8504440;47.12748013314928;7.2594349978514625
MAEN;Mannedorf;23.64843;8503106;47.253424027683415;8.692346117155436
MAET;Magenwil;1.28725;8519042;47.41337502054244;8.230799832642571
MANN;Mannenbach-Salenstein;51.33097;8506134;47.67364947959624;9.052804077907197
MAR;Maroggia-Melano;191.03053;8505303;45.93243507651572;8.973939801785004
MAS;Massongex;3.19935;8501420;46.24120667771637;6.985660542460455
MASN;Massagno Nord;178.61689;8515412;46.017822850801686;8.932654120168563
MAT;Mattstetten (Km-Sprung);93.15603;8508002;47.02609559983384;7.519468124547697
MDE;Melide;187.2297;8505302;45.95571350204011;8.948359195118208
MEIB;Meilibach (Abzw);19.43942;8503215;47.25119156869649;8.628075945739345
MEL;Mellingen;50.10736;8502107;47.42981910578277;8.27376148735574
MEN;Mendrisio;198.71338;8505305;45.869108608030494;8.978610919620094
MENS;Mendrisio;0.5315;8515415;45.865449567136594;8.974214607718798
MEY;Malley (B);1.913;8515561;46.52499894357883;6.607828162806687
MF;Maienfeld;7.76747;8509003;47.00384055331278;9.529216089685594
ML;Meilen;19.46176;8503104;47.26981115115035;8.644311911013787
MOU;Moutier;73.39849;8500105;47.280672517477576;7.381044296269599
MTH;Monthey;6.05475;8501421;46.25565645124001;6.955226661008993
NB;Niederbipp;58.61059;8500211;47.2704017343349;7.6948180673232045
NEB;Nebikon;58.7402;8502005;47.19238062097451;7.977449481598887
NEGO;Neugut West bei DUE (Abzw);108.00705;8515456;47.40445398440261;8.604807896528202
NEGW;Neugut West bei DUE (Abzw);107.7601;8515457;47.403167382577124;8.602141801521128
NEY;Neyruz FR;55.38;8504027;46.766049061889646;7.065027432077673
NHRH;Neuhausen Rheinfall;39.05;8518924;47.67980492622646;8.616946472316068
NID;Nidfurn-Haslen;75.78335;8503234;46.985894525142;9.05927645697013
NIDB;Nidelbad (Abzw);9.67456;8503328;47.312207914266246;8.541295949266425
NIDO;Nidelbad (Abzw);11.37459;8503329;47.301767163087284;8.554353934424805
NIDS;Nidelbad (Abzw);10.29256;8503248;47.307051036758395;8.54434634418661
NWD;Niederweningen Dorf;24.13361;8503318;47.505913653937064;8.381073484393124
NYB;Nyon;0.27252;8515645;46.38256173000132;6.233652653089623
OEN;Oensingen;56.62735;8500212;47.285035105575595;7.709870322003079
OGL;Oberglatt ZH;13.11183;8503312;47.47020461157632;8.510618836247723
OHDB;Hardfeld (Spw);92.08582;8515349;47.03423433777568;7.525915586747792
OI;Oberruti;95.21576;8502219;47.16592617211504;8.40477945884867
OL;Olten;39.29156;8500218;47.35193475927179;7.9076996479129
OLN;Olten;37.52939;8500243;47.36497075804805;7.918057185782642
OP;Opfikon;7.18518;8503340;47.42995484385176;8.561794794911757
ORDD;Oberrieden Dorf;14.51771;8502209;47.276731788978026;8.577652787968217
OS;Osogna-Cresciano;137.95314;8505210;46.29926567099822;8.994145621564147
OWA;Oberwangen;89.3712;8504117;46.91457108567839;7.362195655252546
OWT;Oberwinterthur;29.66282;8506016;47.5079223325029;8.760389196167752
PALB;Palezieux;21.203;8515350;46.54618183375128;6.843724903102607
PALV;Palezieux-Village;23.41202;8504016;46.557113199779806;6.828874524740348
PAY;Payerne;58.4689;8504134;46.81964995917924;6.939884923199121
PER;Perroy;24.39329;8501034;46.47123185896843;6.362992260381611
PFOS;Pfaffikon SZ;3.50013;8515165;47.202867375155684;8.785695344212881
POLN;Pollegio Nord (dira);157.54586;8515974;46.36799478912903;8.932161727222162
PRO;Pratteln;8.7;8515420;47.52260031760089;7.695621831867436
PRSR;Pratteln Salina Raurica;78.38;8517131;47.53058808616203;7.709889076016984
PRUW;Pratteln;7.49558;8515421;47.52335505715752;7.679097553056322
PUI;Puidoux;12.1579;8504012;46.49384122879209;6.765686484646686
PUN;Pully-Nord;2.3668;8504000;46.51468146448523;6.657987606597673
RAN;Ranconnex;70.0462;8519698;46.12271999526978;7.117750004477069
RBLA;Zurich RB Limmattal;12.18392;8503044;47.41365689834644;8.396364708542754
RBLO;Zurich RB Limmattal;12.66491;8503542;47.41524774708136;8.389979427076323
RBLR;Zurich RB Limmattal;13.34033;8503549;47.42000563624764;8.38455116317844
REID;Reiden;52.99445;8502003;47.24146837211732;7.968774385627642
REUT;Reutlingen;6.29538;8506036;47.52965937846129;8.752148075179225
RH;Romanshorn;82.15161;8506121;47.56552286486512;9.379371292262817
RHS;Romanshorn Sud (Abzw);81.77972;8506144;47.5552588155665;9.377800278667745
RIB;Rivera-Bironico;165.21442;8505216;46.12397655313699;8.925286196548088
RIET;Rietheim;43.38869;8503410;47.6007500947489;8.27732794607561
RIK;Rickenbach-Attikon;33.53471;8506018;47.53535737473253;8.789175038519382
ROS;Rose;57.53535;8504028;46.78263344943615;7.061968624353361
ROTS;Rotsee (Verzw);60.63962;8502241;47.07406701052532;8.319974313323646
RUEW;Ruti ZH;45.85841;8515465;47.26151144502739;8.850067534508744
RWO;Rapperswil SG;58.7349;8515466;47.22535942157652;8.824224167537565
RYN;Rynacht Nord;36.65921;8516250;46.8633479349007;8.635466855850462
RYSP;Rynacht (Spw);199.47357;8515712;46.83831718985588;8.645198140333116
SADI;Sare (dira);240.24247;8516168;46.04757954647596;8.9472424325816
SANO;Sargans;0.1664;8515468;47.044858613138466;9.446306373503532
SAOS;Sargans;-0.09833;8515469;47.04320610162616;9.448949793325518
SBG;Sihlbrugg;19.91161;8502207;47.238427934631154;8.577058942977507
SBRU;Steinbruch (Agl);101.63917;8500149;47.42569373359099;7.511166991893023
SCB;Sonceboz-Sombeval;48.28167;8504304;47.19514835718448;7.168763578557155
SCBO;Sonceboz-Sombeval Ouest;49.496;8515358;47.193179437979126;7.153337269539325
SCHD;Schwanden GL;73.81989;8503233;46.99685224025029;9.077465723832544
SCHK;Schottikon;130.5056;8506035;47.50011749863308;8.811719072425083
SCHO;Schofflisdorf-Oberweningen;21.65496;8503317;47.497971360255406;8.411812302312198
SCME;Schmerikon;49.3304;8503115;47.225160130574686;8.943381952570165
SCUB;Schupbach (Signau);32.00169;8516280;46.93234273191016;7.734645475266759
SCWE;Schwerzenbach ZH;87.25729;8503127;47.384385823564834;8.65867361489504
SEVA;Estavayer-le-Lac;20.03;8504118;46.83754852227088;6.863040865166378
SEZU;Sedrun Zugangsstollen;-0.03541;8518492;46.67507413747509;8.76980032821594
SGF;St. Gallen St. Fiden;78.15556;8506303;47.43454038247238;9.39344380222394
SHAL;Schweizerhalle;9.62556;8500019;47.53150432985811;7.662319071155632
SIET;Sierre/Siders;110.47;8516882;46.30346818357985;7.557843688583324
SIFE;Sigirino finestra est;2.39383;8518499;46.081595805814715;8.957355301701787
SINS;Sins;92.66842;8502218;47.18831423671463;8.397830915000554
SIS;Sissach;21.105;8500026;47.46275411686196;7.812027570472962
SKN;Sisikon;25.8;8515426;46.95379211791391;8.620317792069269
SLG;Sulgen;66.10733;8506217;47.538804025515944;9.183694438911537
SOR;Sorvilier;64.19957;8500103;47.23935383042611;7.305793604162893
SORM;Solothurn;0.30584;8515425;47.20366958264615;7.54070010934906
SRBO;Schaffhausen GB;58.83388;8515473;47.715195782439906;8.656853981043353
ST;St-Triphon;43.5994;8501401;46.278798997094334;6.971895899113651
STAF;Stabio;3.55921;8517519;45.84970965539959;8.94394221428631
STET;Stettbach;106.9411;8503147;47.39721540795749;8.596144778535841
STNS;Steinen Nord (Spw);13.223;8516179;47.05045344612356;8.600094212033662
SUHR;Suhr;16.71887;8502103;47.371635474182995;8.08229064021393
SZ;Sulz;63.1056;8500323;47.55656213151212;8.090470367670244
TA;Tavannes;55.17409;8500100;47.219844660310535;7.201645389619081
TAOW;Tanklager Oberhasli (Gleisend);27.52582;8515480;47.45694458105511;8.46478141809556
TAVS;Taverne-Torricella;174.48663;8515432;46.05245627601284;8.92837260823789
THO;Thorishaus Station;88.1977;8504104;46.904625737852854;7.357028804736687
THSC;Thun Schadau;0.06183;8516169;46.750350316304676;7.633003664288345
TK;Tecknau;28.16;8500028;47.44576020690113;7.887618191018744
TRIB;Triboltingen;55.97358;8506118;47.66289596056698;9.108760540817723
TROU;Travers;22.918;8515366;46.939510419762826;6.672344759117361
TRUE;Trubbach Sud;4.30173;8509408;47.071583068926174;9.480345602386103
TSCH;Trubschachen;43.13448;8508208;46.92169995856387;7.846141964419142
TUE;Tuscherz;99.946;8504229;47.115007752613046;7.1973183654652075
TUI;Les Tuileries;55.78;8501011;46.249946345940444;6.147337458926189
TW;Thalwil;12.09258;8503202;47.29598140717822;8.564769449072962
UNT;Unterterzen;18.10677;8509416;47.113856870704566;9.255018377410263
UTI;Uttigen;131.09513;8507009;46.79431051785574;7.582630437544528
UZW;Uzwil;100.93553;8506208;47.43644399907948;9.130991819304697
VAL;Vallorbe;46.30584;8501103;46.7124063243017;6.370565635407371
VERF;Les Verrieres-Frontiere;41.065;8504210;46.89916539522845;6.459002620481458
VERN;Vernayaz;61.50874;8501405;46.13854600814745;7.038358586276825
VEZB;Vezia (bif);177.7178;8515720;46.02569316215755;8.934655584014228
VIL;Villeneuve VD;29.34185;8501303;46.3983715064178;6.927003108049976
VIO;Vionnaz;13.386;8501423;46.31503283861378;6.916202967303559
VOU;Vouvry;16.14;8501424;46.33649285998606;6.898450225684765
VT;Villeret;60.62795;8504309;47.16020368341404;7.019675173197047
W;Winterthur;26.14175;8506000;47.50033381046675;8.723821055408687
WAB;Waldibrucke;5.58945;8502017;47.107899342859106;8.319710091821639
WANZ;Wanzwil (Abzw);67.94792;8508047;47.198244994435086;7.699212947946124
WB;Worb SBB;12.98805;8508200;46.915229986294705;7.564851606621348
WBOL;Wangen bei Olten;43.04188;8500216;47.341400673101546;7.8683605200036135
WCHN;Walchwil Nord (Vzw);7.464;8519607;47.11252796530699;8.501870292088427
WE;Wettingen;20.33388;8503505;47.45963817592964;8.316006171449603
WEIA;Winterthur;54.58308;8508335;47.488107460477195;8.713700756336836
WF;Weinfelden;19.17482;8506105;47.566224263227966;9.106368221990053
WFS;Weinfelden Sud;17.63817;8506191;47.56143382384002;9.09490637945432
WGR;Winterthur Gruze;135.2914;8506001;47.49875471416034;8.75105520261809
WH;Wolhusen;74.35719;8508215;47.05548792989768;8.079754105302836
WHE;Winterthur Hegi;133.898;8516218;47.50148547384448;8.768947150065358
WIG;Wiggen;48.268;8508209;46.89986805633181;7.901391230525552
WILA;Wila;18.1048;8506008;47.41777446990609;8.848490889891051
WNO;Winterthur;26.48731;8515484;47.50312482266335;8.725846258884223
WOES;Woschnau SBB;50.90027;8502125;47.385737875313104;8.029026085424691
WOET;Woschnau SBB;42.5575;8515271;47.38793618986506;8.038319080234858
WSBA;Wallisellen;7.8;8508279;47.41335468716742;8.584486327522049
WSEE;Winterthur Seen;4.43667;8506002;47.48743541944364;8.766813490777574
WSO;Wallisellen;9.0124;8515486;47.410638725267454;8.599914216813922
WUE;Wunnewil;80.34335;8504113;46.87186094449214;7.280654146427357
WUER;Wurenlos;39.04548;8503529;47.44575947163118;8.357667806321556
YND;Yvonand;8.81;8504130;46.800875489175795;6.746687333359221
YV;Yverdon-les-Bains;39.1341;8504200;46.78154518698354;6.640944001506527
ZAF;Zurich Affoltern;26.14225;8503008;47.420908945595656;8.508582557719752
ZAS;Zurich Altstetten;4.1655;8503001;47.3914830730815;8.488962649961255
ZASN;Zurich Altstetten;0.14731;8515763;47.389714460759116;8.499673792485819
ZASS;Zurich Altstetten;3.90619;8515488;47.39069893045626;8.492407901142911
ZBO;Ziegelbrucke;33.20503;8515489;47.13390918380431;9.06412507761658
ZGFR;Zug Fridbach;2.09;8515994;47.156581137842316;8.512291781935305
ZGSE;Zug Schutzengel;39.475;8516187;47.17372492169778;8.507242209320333
ZHDW;Zurich Hardbrucke West (Spw);3.01984;8503036;47.38900813026286;8.503689671182839
ZHOT;Zurich Hottingen (Spw);102.71157;8515495;47.368081963327874;8.56186617464064
ZLOE;Zurich HB Lowenstrasse;200.85983;8516144;47.377806204005694;8.539115363468584
ZLST;Zurich HB;0.87795;8503047;47.38126103245782;8.528889564813943
ZOEN;Zurich Oerlikon;5.33008;8515494;47.41576813142925;8.549047706900959
ZOER;Zurich Oerlikon;206.71983;8503006;47.41153004120178;8.544139909988267
ZSEO;Zurich Seebach;5.45909;8515496;47.418845487751206;8.54736246194814
ZSWE;Zurich Stadelhofen;100.65;8510554;47.37478666640119;8.547126281544417
ZTBN;Zurich Tiefenbrunnen;7.554;8510558;47.353403300519766;8.559829179630189
AAGB;Aarau GB;40.309;8502136;47.394529118412954;8.06643786516025
ABOS;Aarburg-Oftringen;0.83337;8502013;47.3135510987169;7.91691898963791
AESP;Aespli;12.27812;8515299;47.0283996594778;7.5235281481533445
AF;Affoltern am Albis;24.84132;8502224;47.2760703624343;8.446594995016907
AI;Airolo;86.20893;8505201;46.52752595779199;8.608619755602403
AIG;Aigle;0.0;8501400;46.316855418598124;6.963683211861402
ALBV;Gumligen Sud (Abzw);116.03;8510284;46.922467174064224;7.526491882244443
ALL;Allaman;21.48029;8501035;46.47575352079991;6.399697079747334
ALM;Al Motto (c bin);161.3521;8505247;46.145044043711785;8.94277906706456
ARB;Arbon;90.28449;8506308;47.510587732978976;9.433358582621896
ARD;Ardon;85.30586;8501505;46.20859416924087;7.270946771764377
AUSG;Au SG;51.04704;8506316;47.436115820448194;9.641259107516396
AVRY;Avry-Matran;59.039;8501632;46.7860301702419;7.080434558070221
BAAL;Baar Lindenpark;28.158;8515993;47.18313669446829;8.517058460139534
BADT;Basel Bad Bf Tiefbahnhof;0.001;8510701;47.56922697472018;7.606675903293345
BAE;Bach SZ;29.37393;8503208;47.200981641925814;8.727174268610481
BASM;Balerna;203.05052;8505347;45.84915265680293;9.000003310819354
BEL;Bellinzona;150.89101;8505213;46.195431792205746;9.02951851227292
BELL;Bellach;76.68243;8500205;47.20887878167503;7.507825396241335
BF;Belfaux CFF;44.44635;8504139;46.81692461024266;7.106230136105958
BGG;Brugg BE;30.51331;8504416;47.12363952549162;7.278221991364596
BGS;Brugg AG Sud (Abzw);1.16032;8500342;47.471977757604165;8.208099464365404
BHOL;Bern Weyermannshaus GB;2.69989;8510365;46.9464637745503;7.409049916208471
BIA;Biasca;131.795;8505209;46.35198415240514;8.974179216857172
BIDO;Biel/Bienne;98.11;8515305;47.1308852572594;7.258376068370455
BIEM;Biel/Bienne RB;97.935;8517522;47.13751356191924;7.252826472859513
BIL;Bilten;54.2296;8503224;47.15219293595688;9.029918268569833
BIMA;Biel Mett (Abzw);95.8135;8515757;47.14766989259258;7.276283531329185
BIRB;Biel/Bienne RB;96.6;8504340;47.14327553966829;7.268205114641247
BIRI;Birmensdorf Industrie;11.7655;8502243;47.36423704956713;8.431658888678909
BIRR;Birr;5.29376;8502247;47.43584669605579;8.217664818356512
BNAS;Bern Europaplatz;94.111;8504108;46.944209832916776;7.406117555069086
BNVB;Bern;1.04937;8510364;46.949466917376085;7.426644704037505
BO;Bodio TI;125.49506;8505207;46.38025452036379;8.906567985277539
BOMO;Bossy Moulins (embr);31.04;8504038;46.82329621846241;6.97112889372268
BRBT;Basel SBB RB;5.88503;8515379;47.53124709888354;7.661212285363949
BRLO;Brig;145.246;8515310;46.31956587561924;7.984155599841455
BRO;Bronschhofen;2.57079;8506181;47.475444379176736;9.034677874958176
BROA;Bronschhofen AMP;3.29024;8506188;47.481267132874784;9.03092805217909
BRTU;Brig Tunnel;147.14982;8501610;46.3245679145086;8.00694229802993
BRUA;Brunnen;21.45;8515380;46.99157179233452;8.610310877138112
BSGB;Basel SBB GB;1.64945;8500040;47.54235746114131;7.608832293302189
BSKO;Basel Klybeck Ost (Spw);0.0;8510700;47.578749051210124;7.5953681977866925
BSNO;Basel SBB;1.13641;8515386;47.54489572553005;7.603331679856023
BST;Basel SBB Tiefbahnhof;0.002;8510697;47.54707290291181;7.588752979054816
BURB;Buchs SG;19.35133;8516703;47.175714149755926;9.477027612988914
BURE;Bure-Casernes;4.935;8500131;47.45381897337911;7.011529772699898
BUS;Busswil BE;101.86418;8504415;47.09868485098558;7.318622885644881
BV;Bevaix;62.27922;8504206;46.929696226074235;6.8116802678757855
BW;Beinwil am See;27.20359;8502034;47.26721985887341;8.202235544537363
BWMS;Bern Weyermannshaus (Spw);94.915;8515647;46.94922223633169;7.413728375072985
BWYW;Bern Wyler;107.63755;8519180;46.96375673377017;7.4491341006679805
CABV;Monthey Centre agr Bas-V (embr;9.087;8501436;46.2807072505873;6.941901853837878
CAMN;Camorino (dira);227.24318;8515977;46.158596312512906;8.98580622540474
CASI;Castione-Arbedo;146.90956;8518259;46.22844437020462;9.04089387435641
CAST;Castione-Arbedo;147.525;8505212;46.22292165313785;9.041461806217395
CBY;Collombey;7.9055;8501422;46.27119293073535;6.948756368455025
CD;Cadenazzo;159.48;8505404;46.152619988738756;8.941698899788753
CFN;La Chaux-de-Fonds;29.06572;8515314;47.0999596175716;6.830452744641872
CG;Courgenay;107.81941;8500125;47.40522617645749;7.124205043857654
CH;Chur;13.87121;8509000;46.85308416276408;9.528937733041323
CHAA;Cham Alpenblick;42.425;8515995;47.18228240397258;8.471463275367592
CHAT;Chatillens;25.89436;8504017;46.57053302432071;6.815481520130104
CHAV;Chavannes;93.733;8504241;47.08263806984221;7.132058527259956
CHIB;Chiasso;205.773;8515392;45.833790873182366;9.026946694965298
CHNS;Chatelaine (bif);63.37;8510683;46.212977942257766;6.107788151244993
CHSN;Chiasso Smistamento;204.52403;8515394;45.84139191852562;9.004359171789874
CN;Corcelles-Nord;60.75736;8504123;46.835262111706534;6.96029447415191
CORS;Corseaux-Cornalles;1.75;8504040;46.47045139363703;6.824780802917796
COT;Cottens FR;52.4199;8504026;46.75121262862555;7.034794321109039
CR;Croy-Romainmotier;33.70166;8501106;46.69671231859737;6.4781162685524185
CT;Court;67.04431;8500104;47.2406009156444;7.342109877725172
DAET;Dattwil;47.44333;8502108;47.44968048934287;8.290929035550942
DAY;Le Day;43.488;8501104;46.72003152823104;6.399023786518672
DENB;Denges-Echandens;8.0305;8515323;46.530768493496005;6.544341699580195
DK;Daniken SO;45.67343;8502111;47.35639008752846;7.978771344745681
DOM;Domdidier;66.18946;8504125;46.86851205897102;7.011382575288416
DON;Dotzigen;99.18793;8500220;47.11867176921776;7.337754285441774
DTSW;Dietlikon;10.826;8510457;47.41827598991772;8.618413085776497
DUGN;Duggingen Nord (Ausw);111.441;8509428;47.45624741942372;7.607558163699765
ECU;Ecublens-Rue;30.61342;8504018;46.61043023973681;6.811054981244529
EDA;Ennenda;69.51085;8503231;47.03295954319156;9.077193805088344
EF;Effretikon;-0.01948;8503305;47.42581205990943;8.686679144438356
EGL;Eglisau;22.24734;8503402;47.57237454699683;8.516558015858315
EGN;Egnach;84.72236;8506309;47.54399130382679;9.383017484104617
ESEE;Ermensee;21.86913;8502019;47.229690615754194;8.242314423575365
EZG;Etzgen;60.94359;8500324;47.572475497065;8.104230729907332
FCK;Frick;51.8468;8500305;47.50734852393637;8.013092462834773
FG;Faoug;72.80486;8504127;46.90831034781733;7.074546229779951
FLM;Flamatt;84.07302;8504103;46.88849135728458;7.319570811530459
FOTN;Geneve-Champel;67.87585;8502622;46.182674594040044;6.150491217340072
FOU;Founex;45.63586;8501016;46.32878361239696;6.194383368544965
FRAE;Fraschels;87.67316;8504401;46.99912608811563;7.206040061447464
FRB;Freienbach SBB;31.70887;8503210;47.2073107080164;8.756218599729324
FRNO;Fribourg Nord;66.99;8515663;46.81170853479455;7.153602267596489
FSMF;Faido SMF;240.34068;8518304;46.49783723830751;8.810627943656218
FSMS;Faido SMF;140.85971;8518325;46.49394697470485;8.81473355259644
GAMS;Gamsen SBB;141.437;8501606;46.30386450090692;7.940267321775148
GDBE;Genthod-Bellevue;54.77341;8501021;46.25673767556873;6.153960792570101
GDNW;Arth-Goldau;8.87212;8515396;47.049257971502456;8.549556716830693
GE;Geneve;60.23597;8501008;46.210212898757526;6.142451595144949
GEAP;Geneve-Aeroport;66.17882;8501026;46.23253853438607;6.111985572600153
GEFB;Geneve;59.6;8501010;46.215777812521885;6.144270245550041
GELL;Gellert;2.25128;8500045;47.549218341086956;7.615437190036629
GELW;Gellert;1.518;8515400;47.54599257870278;7.608053085121443
GEPR;Geneve-La-Praille;64.544;8501009;46.183096305724206;6.125681342217537
GIB;Gibswil;34.70027;8503137;47.31372010487759;8.915510558534958
GIUS;Giubiasco;154.35756;8515402;46.17202297483088;9.000446575095363
GLAO;Gland Ouest;34.15025;8519355;46.416843373699905;6.265688728881072
GLBS;Glattbrugg;6.75063;8515460;47.42654527168149;8.558969645120712
GMT;Gruemet (Abzw);22.83688;8502131;47.426810328122095;8.268684487460991
GOE;Goschenen;70.44657;8505119;46.665814939433695;8.588808225484476
GOL;Goldach;67.99557;8506305;47.47379815015068;9.466996927361095
GSAG;Emmenbrucke Gersag;89.155;8502028;47.078314178255006;8.276820079539918
GSS;Gossau SG;90.1274;8506210;47.41183157854838;9.253050693333577
GSSO;Gossau-Sommerau (Agl);21.25868;8506239;47.42008904686358;9.24065789267721
GU;Gurtnellen;54.40072;8505117;46.72935350764046;8.622476183084112
HAF;Hafen Bach (Spw);28.72685;8503212;47.20072896353914;8.718852003072133
HBTN;Hauenstein Nord (Spw);31.424;8500029;47.41751425284896;7.8990280734267895
HD;Hallwil;34.487;8502031;47.32863875662228;8.17594945532923
HED;Hedingen;22.10764;8502223;47.29878522811603;8.44596555338124
HEN;Henniez;47.18078;8504141;46.73500140626439;6.87010587846571
HIK;Hitzkirch;20.78944;8502027;47.22267273480355;8.252001025629596
HNS;Hornussen;46.97276;8500306;47.4973370319637;8.059877045922972
HUER;Hurlistein (Abzw);18.25493;8503338;47.4224509588451;8.663430032271146
HURW;Hurlistein (Abzw);13.68029;8518270;47.42443337841879;8.649274072523372
IMW;Immensee;18.92026;8515405;47.093351068418485;8.460423447800364
ISL;Islikon;38.05057;8506019;47.547834917069224;8.846197030189856
KAIO;Kaisten Ost (Abzw);66.90019;8515448;47.553208344927846;8.045764317460161
KBS;Koblenz;40.069;8518899;47.59384703139941;8.235194634041818
KF;Konolfingen;18.74137;8508202;46.880702418908925;7.621367027295592
KK;Kolliken;10.87955;8502101;47.33730018640885;8.0264605444873
KLWW;Killwangen-Spreitenbach;16.51888;8515450;47.43528976186259;8.34964768586749
KNO;Knonau;31.72842;8502226;47.22026434550534;8.466731190077963
KWL;Kesswil;88.08993;8506123;47.59549777963888;9.317427250763787
KZ;Kerzers;84.81079;8504400;46.975078963310175;7.1928101680696335
KZPP;Kerzers Papiliorama;86.517;8516444;46.98977373599584;7.199281447999906
LA;Lachen SZ;39.57854;8503220;47.19006843185192;8.85271518941875
LAM;Lamone-Cadempino;176.09835;8505219;46.03971861506996;8.932125023197237
LB;Lenzburg;31.93612;8502119;47.39119975544039;8.170392889345154
LBD;Root D4;55.268;8515997;47.104825387505514;8.373760421042387
LCR;Le Creux;74.23767;8504313;47.099934783011484;6.869884914472338
LENG;Lengwil;33.44794;8506196;47.6255977642919;9.190283165478654
LF;Laufelfingen;30.82169;8500035;47.3921328916364;7.8562315772739435
LFG;Laufenburg;65.511;8500322;47.5597684229445;8.06129613291256
LFN;Laufen;100.60738;8500113;47.419346483524805;7.502636130936873
LGN;Lugano;179.7896;8515408;46.010228084265464;8.942654267522375
LGUT;Lochligut (Abzw);4.84863;8504449;46.98059040128942;7.465954676568339
LIN;Linthal;84.4537;8503239;46.92556359068011;8.99779486958079
LITW;Litti (Baar);24.88847;8511498;47.20730434724555;8.531378149849772
LK;Leuk;117.694;8501601;46.31157951165387;7.644936502768722
LNTO;Luzern Tiefbahnhof;0.0;8509012;47.04437203842573;8.310839474634598
LO;Locarno;171.94048;8505400;46.17242018943651;8.801360899263416
LON;Lonay-Preverenges;10.12288;8501048;46.52313562904891;6.519544736654456
LP;La Plaine;74.778;8501001;46.178665387113796;5.999992779741372
LPGE;Laupen BE;6.80027;8510179;46.90260700661697;7.23802026784031
LSA;La Sarraz;22.74756;8501108;46.658784971576154;6.517361004533222
LSTD;Lausanne TRIDEL;3.96886;8516276;46.53350400371034;6.645512246140008
LTB;Lausanne-Triage;8.50593;8515339;46.52806713793835;6.5393117530816
LTC;Lausanne-Triage;7.95986;8515340;46.53083669813202;6.545076576506979
LTD;Lausanne-Triage;12.846;8515341;46.532430304201235;6.547626259415407
LTE;Lausanne-Triage;7.11835;8515639;46.53568330389942;6.5534742705801134
LTG;Langenthal GB;60.376;8508144;47.21479932231716;7.77006868276828
LTP;Lausanne-Triage;9.41109;8515640;46.52573288016737;6.528113039230514
LTSE;Lausanne-Triage;10.26692;8515342;46.52106752284738;6.521296451535183
LUPF;Lupfig;4.23636;8502237;47.445184188001974;8.214989857101628
LUT;Luterbach-Attisholz;70.34981;8500208;47.217149192740685;7.583523459570201
LYW;Lyss;99.7905;8515344;47.079243173413246;7.29852250419727
LZTE;Luzern Tiefbahnhof;100.531;8511538;47.04651670542602;8.311104612382909
MAER;Marstetten;55.69039;8506104;47.58282055675705;9.062193477505673
MAH;Mahlenwald;37.26975;8504343;47.154414447543154;7.262456729910709
MANM;Mandement (diag);70.139;8507549;46.208020468367465;6.034305161551568
MBGO;Mulberg Ost;53.8725;8519644;47.438144715558536;8.653134519026501
MEGZ;Meggen Zentrum;9.862;8505018;47.04519444665047;8.374393056840894
MEZ;Mezzovico;168.8616;8505217;46.094275959945634;8.928590304571124
MEZC;Mezzovico (c bin);170.03;8505248;46.08490131307792;8.922797145234247
MG;Murg;21.21914;8509417;47.11317485540344;9.215041882504588
MIES;Mies;49.678;8501014;46.29848883327675;6.16765465076935
MINU;Minusio;170.485;8505417;46.17400592475709;8.819566342232658
MO;Mosen;24.1432;8502029;47.24429231495202;8.224159651309774
MOER;Morschwil;72.81977;8506304;47.47477145734561;9.414383541580696
MRL;Moreillon;14.6198;8504007;46.50839811665493;6.78564542808098
MRT;Murten/Morat;22.1623;8504128;46.925346691204986;7.115282647470426
MS;Munsingen;122.13149;8507006;46.87335414993427;7.5594423960230674
MST;Munchenstein;118.30169;8500119;47.51339736244532;7.617596690256688
MUOS;Muttenz;5.58634;8515984;47.53075235293776;7.656897495938625
NAEF;Nafels-Mollis;61.65353;8503227;47.098719273674;9.069956935022004
NEBI;Neuchatel-Vauseyon (bif);73.95785;8515347;46.99193739620416;6.919612650979246
NEMA;Neuchatel;76.13763;8504242;47.0004875830448;6.945352209018535
NG;Niederglatt ZH;21.20365;8503313;47.48747102012029;8.503315575552104
NHOF;Neuenhof;18.79211;8503511;47.45066423309998;8.33125531800341
NIE;Niederhasli;15.06684;8503314;47.478330883504434;8.488707408445821
NWA;Niederwangen;91.0415;8504105;46.92550708000327;7.3764635311963325
NY;Nyon;0.0;8501030;46.384418967533634;6.235966130629612
ONB;Onnens-Bonvillars;47.482;8504202;46.83264056094969;6.689858900834078
OPS;Opfikon Sud;6.497;8503035;47.424571746008986;8.557352167800662
ORT;Oberriet SG;35.3212;8509400;47.32348322398834;9.571377040040497
OST;Ostermundigen;110.765;8507002;46.95680242644879;7.481497881682834
OTH;Othmarsingen;27.68041;8502105;47.40743350791071;8.214805494441988
PAYE;Payerne;28.927;8515351;46.826996022499685;6.948040242988017
PF;Pfaffikon SZ;4.02465;8503209;47.20299744312634;8.778129818947518
PIE;Pieterlen;90.21118;8500200;47.17144115401003;7.340193538314754
POLS;Pollegio binario di sorpasso;159.3;8518307;46.35939369830918;8.951090863887588
POR;Porrentruy;0.0;8500126;47.420916383083124;7.080077285085159
POZZ;Pozzo Negro (dira);256.8376;8515715;46.37258342835626;8.92540727839545
PTC;Pont-Ceard;51.126;8501013;46.286817385941546;6.162779285034652
PU;Pully;2.506;8501121;46.510923623181604;6.659468140211437
RBGD;Emmenbrucke Kapf;86.995;8502012;47.09090997877414;8.2731905924685
RBL;Zurich RB Limmattal;13.91281;8503507;47.4228441568534;8.377312161033952
RBLE;Zurich RB Limmattal;14.68498;8503034;47.427094943187846;8.370004471514928
RBLK;Zurich RB Limmattal;15.18539;8503041;47.429389484578515;8.364305181327753
RE;Renan BE;69.02207;8504312;47.12572045673996;6.9253820904743995
REB;Rebstein-Marbach;44.28637;8506318;47.39264002115658;9.586754094447363
REGW;Regensdorf-Watt;30.85921;8515462;47.44415072439187;8.457815400854516
RENB;Renens VD;3.78552;8515354;46.53325562799005;6.5870726329003215
RENO;Renens VD;5.18021;8515355;46.54078829139081;6.57208700736796
RG;Reichenburg;49.94055;8503223;47.17269821760328;8.982322645441851
RHH;Romanshorn;81.74239;8515463;47.561870480214736;9.378993044863465
RHW;Romanshorn West (Abzw);80.974;8506145;47.55823375097297;9.370748554780498
RLG;Rumlingen;26.889;8500033;47.42537925471306;7.850541943493694
RO;Rodi-Fiesso;97.8457;8505203;46.490251481386316;8.74016246506395
ROM;Romont FR;40.1979;8504023;46.693508261234065;6.911811420121691
RSO;Rorschach;0.06006;8515464;47.47818416229996;9.513471068935836
RTR;Rothrist;46.20125;8508103;47.30645567944998;7.87939646804038
RTRW;Rothrist;47.34645;8508143;47.3016072245829;7.8660688142331825
RTW;Riedtwil;72.3306;8508007;47.140157884790696;7.693276011620205
RUC;Ruchfeld;0.99136;8500046;47.53393326308226;7.612076972562966
RUES;Ruschlikon;10.64127;8503201;47.307131874609;8.555162654838007
RUO;Rupperswil;42.45073;8515424;47.4066229963881;8.139784707217853
RW;Rapperswil SG;0.02101;8503110;47.22488721231692;8.816744887601102
RYAB;Rynacht (Abzw);38.95016;8516251;46.84340158350978;8.64290160329832
RZO;Ranzo-S. Abbondio;173.69164;8505408;46.11699781417891;8.776537709454367
SAD;S. Antonino;226.2;8518217;46.16131981182575;8.976303789846233
SASW;Sargans;0.62532;8515470;47.04011383698959;9.45417488933711
SBL;St-Blaise CFF;79.36773;8504222;47.014575945943136;6.982110194954693
SCBU;Schubelbach-Buttikon;46.56993;8503222;47.176389830085476;8.938780973962697
SCHB;Schonbuhl SBB;94.91219;8508001;47.01894216934797;7.498927865021366
SCHN;Schlattingen;35.56775;8503429;47.66662433181833;8.770433717550736
SCHZ;Schwarzenbach SG;106.72023;8506207;47.44518763455865;9.068430687839896
SCWA;Schwaderloch;57.04848;8500325;47.586285472930484;8.144307634541532
SDO;Schinznach Dorf;39.28416;8500308;47.45709461209472;8.130778802440805
SEL;Selzach;80.692;8500204;47.200624030052424;7.456635040201263
SEM;Sempach-Neuenkirch;78.9919;8502009;47.11605321160843;8.195979058194567
SENO;Seon Nord;37.65;8502043;47.35315656566961;8.160253101708864
SETS;Sedrun Entluftungsstollen;1.41682;8518493;46.66247707340059;8.773280806982658
SG;St. Gallen;80.49223;8506302;47.423178949902116;9.369896662720434
SGBR;St. Gallen Bruggen;84.0467;8506301;47.40720285207175;9.32965492814694
SGWI;St. Gallen Winkeln;86.38234;8506300;47.403929411059494;9.300860291345865
SHRB;Schaffhausen GB;57.50486;8503440;47.70990474947697;8.641138388400678
SIFO;Sigirino finestra ouvest;-0.06119;8518498;46.08022045219495;8.92568373047737
SIGI;Sigirino;171.235;8516933;46.075477094143835;8.928454327075487
SIGN;Signau;30.3682;8508205;46.91963508313346;7.7254631696755105
SIO;Sion;92.43206;8501506;46.227553196395895;7.359197034574581
SIT;Sitterdorf;8.19829;8506214;47.50521844688769;9.248996908208717
SL;St-Leonard;98.15345;8501507;46.25148857523642;7.419568232874155
SMGO;St. Margrethen SG;53.26458;8515471;47.45194363826045;9.645379994088081
SN;S. Nazzaro;170.53736;8505407;46.13515769040707;8.80705868101486
SNT;Schneit;127.48444;8518794;47.50358036890233;8.847436037648244
SO;Solothurn;0.0;8500207;47.20419250287765;7.542689210978396
SOM;Sommerau;25.27831;8500032;47.43902135793577;7.851481365890911
SOY;Soyhieres;88.568;8500110;47.389102259009945;7.370725166811637
SS;Sursee;69.0362;8502007;47.17079504092791;8.097893864664293
STA;Staad SG;62.714;8506312;47.48068852572976;9.535528813338798
STCH;Steinach;91.6293;8516271;47.50095591387985;9.442003386846993
STDG;Staz. della Galleria Sempione;156.01;8501642;46.27233772249967;8.093494797176659
STG;Steg;29.81037;8503135;47.35385246489467;8.932371768549121
STK;Steckborn;45.59265;8506136;47.66450457418136;8.981033077188554
STKT;St. Katharinental;39.75519;8506148;47.687563456294804;8.732040044349667
STMR;Steinmaur;18.79256;8503316;47.489986758742276;8.446857774486467
STP;St-Prex;16.91372;8501036;46.482316906306195;6.455906017304926
STS;Stein-Sackingen;58.76244;8500320;47.54160826003829;7.948842873337898
STSO;Stein-Sackingen;73.96986;8515474;47.53986187663939;7.954698032205842
STUA;Studen BE;27.645;8504417;47.10764863308568;7.306294458195743
SUB;Suberg-Grossaffoltern;19.92432;8504413;47.05878211487258;7.339004854895134
SV;Sonvilier;65.17342;8504311;47.14134211864386;6.969352778671168
SWW;Solothurn West;0.22668;8515431;47.20802439263645;7.529684720151122
TAFR;Tanklager Frevlig;22.14451;8515475;47.47961395542964;8.49868017761715
TAO;Tanklager Otelfingen;32.44405;8515477;47.46018927188263;8.404128002791643
THAB;Thun;136.15;8515629;46.76013195417479;7.621222991022762
TIEF;Tiefenwinkel (Verzw);23.24708;8509420;47.11571117057277;9.189020475659591
TOEM;Tossmuhle;22.8609;8515178;47.473821351460074;8.70621045013918
TRI;Trimbach;36.2721;8500037;47.36605219044686;7.904285358541014
TUIS;Les Tuileries;55.7;8515367;46.250665469473226;6.1472955104907365
TWN;Twann;95.9766;8504228;47.09366406558639;7.156497503536995
TWNO;Thalwil;11.94521;8515177;47.29896863732345;8.56117717007742
UER;Uerikon;28.96939;8503108;47.235860774724685;8.752625203056988
URD;Urdorf;8.57532;8502220;47.39088333689357;8.434730698035926
UTW;Uttwil;86.11476;8506122;47.586023801752134;9.33970297420495
UZ;Uznach;46.5021;8503116;47.22428279613726;8.980690813943992
VALF;Vallorbe-Frontiere;459.612;8501102;46.71359374876837;6.3477617415368535
VD;Vauderens;30.49915;8504021;46.62145538042215;6.850037577318738
VU;Vufflens-la-Ville;10.9739;8501116;46.576244980897606;6.5307675996123775
WAL;Walenstadt;13.47461;8509414;47.11987360855112;9.312981453330117
WALS;Waltenschwil;74.93089;8515540;47.32707189693426;8.297295752159778
WAS;Wassen;62.76462;8505118;46.70164135446603;8.597026142917068
WD;Wiesendangen;31.9436;8506017;47.525543037265436;8.776038001272784
WIL;Wil SG;-0.00332;8506206;47.462413242743715;9.040993050468307
WITZ;Witzberg (Agl);9.95732;8503335;47.3739649231096;8.770065801811302
WO;Wohlen AG;71.7722;8502213;47.34846403595199;8.269792338707036
WON;Wohlen AG;71.31599;8515433;47.35139091306564;8.265552474939867
WOSU;Wohlen AG;0.49637;8515434;47.34492903063501;8.274134823855901
WSFU;Wallisellen;9.57543;8508284;47.41083110217111;8.607259182476737
WWUQ;Winterthur;51.03336;8510667;47.492121769187975;8.717167392224578
WZ;Wetzikon ZH;74.52207;8503123;47.31803163150593;8.792289733783823
ZASO;Zurich Altstetten;3.69575;8515487;47.39056836593846;8.495085567556904
ZAU;Zurich Aussersihl (Abzw);1.10097;8515482;47.37886213944498;8.520057195555374
ZAUB;Zurich Aubrugg (Vzw);6.84145;8516652;47.413127028209615;8.571800413945962
ZBW;Ziegelbrucke;34.7983;8515490;47.13890162042014;9.055259215655692
ZFH;Zurich Flughafen;9.60138;8503016;47.45038562990025;8.562401820478012
ZG;Zug;38.82898;8502204;47.17370697768503;8.51504934096482
ZIZS;Zizers SBB;16.25789;8509001;46.932212438546934;9.559569714597815
ZKOL;Zurich Kollerwiese (Spw);3.4143;8503024;47.36608855043711;8.51896280128047
ZLEE;Zurich Lettentunnel Ende;5.58211;8515493;47.367677376746876;8.547916103748934
ZLET;Zurich Letten;2.89438;8503002;47.3872540132735;8.533331516235547
ZMUE;Zurich Mulligen;5.67811;8503039;47.39660480713381;8.4704027364332
ZOES;Zurich Oerlikon;3.91816;8516145;47.40660405179383;8.536891679644613
ZSNO;Zurich Stadelhofen;50.91005;8510555;47.36707076007045;8.549425913881878
ZSOS;Zurich Stadelhofen;51.1;8510556;47.36628426323296;8.551630711345897
ZSTH;Zurich Stadelhofen;5.69924;8503003;47.36660976671019;8.548489088449456
ZUE;Zurich HB;0.0;8503000;47.37817667422329;8.540212349099065
ZVB;Zurich Vorbahnhof;1.9616;8503025;47.38442216182109;8.516170226610031
ZVBN;Zurich Vorbahnhof;1.72417;8515760;47.38396657404522;8.519251656520032
ZVIA;Zurich Viadukt (Abzw);1.10245;8515179;47.38458300981803;8.520734261047005
ZWIE;Zurich Wiedikon;2.93357;8503011;47.371477228424;8.523485439725741
ZZ;Bad Zurzach;41.40169;8503409;47.58831339399101;8.29558779477914
AA;Aarau;41.50577;8502113;47.39135951416977;8.051273718700699
ABOW;Aarburg-Oftringen;0.0;8508141;47.3136469221806;7.906871810514809
AD;Aadorf;122.89829;8506013;47.48811815646303;8.903301351691383
ALRH;Altenrhein;61.77879;8515444;47.482746993154414;9.547509723430496
ARCA;Archy (bif);5.90939;8515301;46.5434935850315;6.563771693221457
ARN;Arnegg;18.58709;8506211;47.44200164726967;9.25202500195956
AW;Amriswil;75.57473;8506109;47.550449721216765;9.30222720092554
BAA;Baar;26.60834;8502206;47.19536403756802;8.523271537389258
BACH;Bachtele (Trimstein);15.30001;8516278;46.89909445204059;7.576783757692297
BAL;Balerna;203.53433;8505306;45.84674505678704;9.005035609410806
BAZZ;Bazenheid ZAB (Agl);5.89806;8506223;47.41879317373224;9.072759647917657
BCT;Boncourt;123.35159;8500128;47.49263186836306;7.016551752254877
BD;Baden;22.52873;8503504;47.476424284622105;8.307709474036757
BDO;Baden Oberstadt;44.21258;8502109;47.46963070362969;8.304294299285193
BEPI;Bellinzona Piazza Indipendenza;151.729;8516165;46.18921064456047;9.02344516036451
BER;Berlingen;48.91312;8506135;47.67321378502421;9.022022963058884
BEX;Bex;47.56;8501402;46.251464582286516;7.000669902355405
BGL;Burglen TG;63.28042;8506106;47.54909842868844;9.149876589208178
BIAE;Biel/Bienne;98.84323;8515304;47.13064976301208;7.24900956309757
BIBD;Biel/Bienne Bozingenfeld/Champ;93.98099;8518771;47.15838230220998;7.294648132740621
BIO;Biel/Bienne;97.62187;8515307;47.13665945786813;7.259241135670809
BIR;Birmensdorf ZH;12.72008;8502221;47.35743137498622;8.437555140807286
BLG;Baldegg;15.92736;8502025;47.18568895916557;8.280231508343205
BLGK;Baldegg Kloster;15.362;8516353;47.18061602969319;8.280597542946799
BMA;Bauma;25.14292;8503134;47.36883663689143;8.87823304222927
BOBO;Corcelles-Sud;29.987;8504039;46.82833754061834;6.960459573091767
BOL;Bollingen;54.4166;8503114;47.21735273824624;8.879212967517027
BON;Bonstetten-Wettswil;18.05825;8502222;47.32590133192649;8.468196900433206
BOT;Bottighofen;97.51655;8506127;47.640707244415424;9.213104114291147
BOW;Bowil;27.27282;8508204;46.90004819357711;7.698053525927553
BR;Brig;145.5485;8501609;46.31942270578004;7.988094739403514
BRIT;Brittnau-Wikon;50.476;8502002;47.26266615496052;7.9570408485077575
BRM;Brunnmatt (Spw);4.292;8505042;47.06871578581212;8.503084728299855
BSAS;Basel SBB RB;7.42603;8515381;47.52476047559929;7.678138761548133
BSC;Bassecourt;93.49732;8500122;47.33668687681137;7.246846233509847
BSDH;Basel Dreispitz;121.11361;8500136;47.53743606333004;7.60959592011994
BSFR;Basel St. Johann;136.92411;8500052;47.57756020384611;7.567595082850634
BSGW;Basel SBB GB West (Spw);0.004;8510693;47.5429766360894;7.605012650582874
BSNK;Basel SBB RB;3.5063;8500044;47.539648436580194;7.632364338180093
BSO;Basel SBB;0.60911;8515387;47.5449363682833;7.595619949621447
BSTO;Basel SBB Tiefbahnhof;0.001;8510696;47.54430106874809;7.596874341796046
BTW;Bettwiesen;5.45048;8506182;47.498621331146445;9.020779633309948
BUEO;Butzberg Ost (Agl);62.3;8508142;47.21257653650038;7.74487426962182
BUER;Buren an der Aare;95.71034;8500221;47.138157112396605;7.3712428305056115
BWL;Birrwil;29.51503;8502033;47.287856600451924;8.199017331886743
BYSC;Bussigny;14.50609;8515313;46.54487664019374;6.555569551049765
CABA;Lancy-Bachet;65.649;8517142;46.174332867914785;6.129362136669465
CAMO;Camorino (dira);227.65367;8515733;46.15497728446218;8.986866717736655
CAOT;Castione Officine (Stas);145.78801;8510895;46.23756394977236;9.034880224292758
CCH;Courchavon;116.12815;8500141;47.43977439730051;7.057645955822398
CEL;Celigny;43.45076;8501024;46.347974588780886;6.200087172545545
CGY;Cugy FR;23.68366;8504133;46.816028279183556;6.889164589874837
CHAP;Chapelle (diag);25.68;8507918;46.58261269608196;6.834290504046966
CHRI;Chriesbach (Abzw);108.71403;8503149;47.404278217516;8.613488594925004
CHVS;Chavornay;27.32;8515317;46.70884617310625;6.567864586909136
CHZ;Choindez;79.21872;8500107;47.324018168858814;7.3758546601591455
COL;Le Locle-Col-des-Roches;38.86171;8504317;47.04988555625367;6.726070869351404
COUS;Cousset;31.76659;8504136;46.81860488055191;6.977491130713583
CTT;Courtetelle;87.86985;8500120;47.342829008594485;7.31794276823699
CV;Convers;25.849;8504238;47.084023910461084;6.864665429684891
DAYN;Le Day;3.005;8515320;46.718497685114514;6.400062366539687
DER;Derendingen;77.25482;8500226;47.20250514616179;7.582108983152161
DIE;Diepflingen;23.7;8500031;47.44956050786628;7.837717393677192
DOE;Dottingen;37.35808;8503501;47.57526982038363;8.256364673275831
DOPP;Doppleschwand-Romoos;70.4639;8508214;47.028259293808695;8.06764762037355
DOT;Dottikon-Dintikon;67.8927;8502212;47.37364655615532;8.234710266072673
DSB;Diesbach-Betschwanden;81.25597;8503237;46.9461808068525;9.024373381879249
DTL;Dietlikon;11.04929;8503306;47.4202020640061;8.619276404555864
DUE;Dubendorf;90.4432;8503128;47.40008035994538;8.623421744230843
EBI;Ebikon;58.58004;8502200;47.08426271807694;8.342358256170456
EBR;Emmenbrucke;90.18571;8502021;47.07060149966688;8.282565368005681
EBSD;Ebikon;96.117;8509008;47.080929897262266;8.33702049075613
ECL;Eclepens;21.379;8501114;46.65719065799183;6.55242112332029
ECLN;Eclepens;21.56;8515327;46.65877754616343;6.551902226004031
EFG;Effingen;42.43553;8500307;47.47655720242689;8.10068310694285
EL;Elgg;126.14657;8506014;47.49852908812923;8.863411586209892
EMB;Embrach-Rorbas;12.3183;8506041;47.5205902402333;8.587068848734443
ENT;Entlebuch;66.36673;8508213;46.99369335592265;8.062364328881792
ERLB;Erlenbach ZH;13.47249;8503102;47.305791959220436;8.59152235724792
ERM;Ermatingen;54.00502;8506133;47.669999167875;9.085672527822373
EST;Estavayer-le-Lac;18.07;8504132;46.844498848680395;6.842967233408461
EW;Etzwilen;31.80917;8506025;47.66114467977133;8.818617345323682
FA;Faido;106.03713;8505204;46.48307550405715;8.790710106817194
FI;Fischenthal;32.33724;8503136;47.333302687540765;8.923295885742599
FLMD;Flamatt Dorf;0.68;8504191;46.88990000217385;7.310520006478922
FMS;Flums;9.7298;8509413;47.096616653255786;9.347929247885018
FREU;Freudenberg;46.898;8517107;47.15085938513856;8.452357299048538
FRPO;Fribourg/Freiburg Poya;67.477;8519133;46.8155795948158;7.156485904969093
FSMN;Faido SMF;139.80808;8518324;46.50198716762623;8.807515211238034
GAGC;Stabio (Confine di proprieta);6.54955;8516355;45.83852037118555;8.912913600071628
GBAL;Gland Ballastiere;34.7;8519356;46.418657243327104;6.260661866290118
GD;Arth-Goldau;0.0;8505004;47.04904488341463;8.549446300669958
GELN;Gellert;0.73784;8515399;47.556822516301715;7.615281283440362
GER;Gerra (Gambarogno);172.82863;8505410;46.122040960463664;8.784969770595186
GESD;Gellert;0.0;8510688;47.54461480294161;7.616308315652814
GEV;Geneve-Eaux-Vives;70.45;8516273;46.20144540651997;6.16656958815968
GIBU;Gilly-Bursinel;29.70298;8501032;46.445068155021595;6.30636325595947
GIDI;Giustizia (dira);164.01608;8515717;46.323526268422626;8.982198422777056
GIU;Giubiasco;154.04336;8505214;46.17381273153785;9.003600088956835
GIVO;Givisiez;45.48368;8505943;46.81675762120013;7.119683512671444
GKD;Gelterkinden;24.05343;8500027;47.46589371982805;7.8476672215733645
GOTN;Gotthard Nord (Spw);75.371;8505141;46.62161847909824;8.59285727486319
GRA;Grandgourt;119.6638;8500143;47.46992014688597;7.048107660127894
GRO;Grolley;40.11814;8504138;46.83197884477917;7.066052544374656
GRUO;Gruonbach (Spw);30.87395;8505140;46.913809236092604;8.622506418897672
HBK;Hindelbank;89.725;8508003;47.049563760755966;7.545410600757761
HDK;Hendschiken;65.17324;8502211;47.38943108161433;8.20738869936813
HET;Hettlingen;32.70651;8506045;47.545441446465944;8.694834153058263
HGV;Les Hauts-Geneveys;20.98843;8504237;47.04717656310454;6.874673129276449
HOT;Horchental;70.2;8515168;47.47352750335928;9.440570994487643
IL;Illnau;4.45785;8503303;47.40881918966084;8.722727521427508
KAB;Kaltbrunn;30.98199;8503117;47.2179832084201;9.022431024029464
KHF;Kehlhof;24.31774;8506193;47.57225603250106;9.169748496743933
KIM;Kirchmatt (Spw);45.4953;8515170;47.486274178798894;8.070303620700152
KKO;Kolliken Oberdorf;9.28246;8502122;47.32468319936723;8.01909057756745
KLW;Killwangen-Spreitenbach;16.11166;8503506;47.433328858368775;8.35421400060419
KOLM;Kollermuhle (Abzw);41.42505;8516744;47.18105776992058;8.483873288338128
KR;Kreuzlingen;60.68801;8506131;47.65255276653688;9.169080418340831
KRA;Kradolf;2.1194;8506216;47.52472243740589;9.201575060489999
KRB;Kreuzlingen Bernrain;36.23236;8506197;47.6421144978466;9.163204126948239
LAN;Langwiesen;45.33157;8503426;47.68345097022588;8.66232019932987
LAPR;Lancy-Pont-Rouge;64.222;8516155;46.18594529978;6.12494699562807
LBA;Les Bayards;35.9025;8504212;46.90874024778717;6.5237395568327825
LBW;Lenzburg;60.18012;8515407;47.39267185123883;8.165913937640653
LDS;Landschlacht;94.57485;8588122;47.62889135808137;9.246948724016404
LE;Leuzigen;88.20356;8500224;47.177856203988874;7.448585068566535
LEN;Lengnau BE;87.993;8500201;47.17943142325772;7.3665536763500645
LGP;Paradiso;182.885;8505301;45.989372639771894;8.94688975243035
LGUS;Lochligut (Abzw);102.50122;8504448;46.97017123590862;7.470065687065217
LHE;La Heutte;43.68453;8504303;47.189491807698246;7.225395780990616
LIG;Ligerz;94.00279;8504227;47.08376886200854;7.135157149754167
LKK;Leuk;118.8381;8518337;46.30793390566689;7.658269860324621
LLA;La Lance (diag);52.445;8515758;46.859538709811005;6.741350395801742
LOTS;Lottstetten Sud (Verzw);28.961;8511218;47.61749303512414;8.557746901008207
LSB;Liesberg;94.19538;8500111;47.398205264280094;7.438985278297432
LSSB;Lausanne-Sebeillon;-0.04462;8501128;46.52427469236492;6.611029365149114
LST;Liestal;8.0;8500023;47.484461172135006;7.7313674807028185
LTAB;Lausanne-Triage;8.1;8501141;46.529796960020974;6.543969678575492
LUE;Lusslingen;84.19647;8500225;47.19250784387551;7.496600752245324
LVE;Le Verney (embr);7.1;8504009;46.48800084505212;6.76306827379806
LYN;Lyss;100.421;8515343;47.07834537185564;7.3054504882877955
LZEF;Luzern;94.46571;8505045;47.044638549417186;8.309802770051006
LZSE;Luzern;95.30263;8515737;47.04602785100314;8.318862644988139
LZVH;Luzern Verkehrshaus;5.94;8517336;47.053932316468774;8.33729732768245
MAG;Magadino-Vira;166.96358;8505406;46.14531571778223;8.850189043325267
MAM;Mammern;39.83575;8506137;47.64416020054403;8.914000632789099
MB;Malleray-Bevilard;61.78915;8500102;47.23871419185093;7.275946266502286
MCEN;Monte Ceneri Nord;162.6828;8515413;46.144225168192186;8.925761053798375
MD;Moudon;37.97572;8504120;46.66805734102318;6.802507939012097
MEDE;Meder (Verzw);44.56682;8515722;47.61988830526915;8.663731365660174
MELN;Mellikon;36.19319;8503414;47.56848468008424;8.352510715379331
MERL;Merlischachen;13.549;8505011;47.06765998438471;8.409058146938582
MML;Montmollin-Montezillon;14.06;8504235;46.9913789048765;6.842834523462931
MOR;Morges;0.0;8501037;46.51110119786621;6.493969500635285
MTHI;Monthey;5.0;8502079;46.25080005424948;6.9656063499247445
MU;Muttenz;4.83872;8500020;47.533591211897104;7.647894426908635
MUEL;Mullheim-Wigoltingen;52.11631;8506103;47.58816457357504;9.015522055172227
MUN;Muntelier;79.09416;8504149;46.941214010033164;7.138042248875974
MUR;Murat (diag);42.66282;8501029;46.35358239833336;6.206349825420429
NAEN;Nanikon-Greifensee;84.57718;8503126;47.36936291677704;8.686413623154436
NESE;Neuchatel-Serrieres;72.39006;8504220;46.98396232537705;6.90336268357376
NETR;Neuchatel;75.58378;8504240;46.9978278601515;6.939144235745185
NEVS;Neuchatel-Vauseyon;1.6442;8504230;46.990900247093414;6.916381859594493
NO;Nottwil;73.7826;8502008;47.13881174769985;8.138601024847397
NW;Niederweningen;25.18586;8503319;47.51120059646398;8.369630611771688
NWGE;Niederweningen;25.3889;8515459;47.51208640583717;8.367260107778941
OLO;Olten;38.37488;8500244;47.358633707480394;7.925630431012154
OR;Oron;24.37065;8504020;46.57254560973378;6.837104144003912
ORD;Oberrieden;14.22674;8503203;47.279676321148415;8.57846058770246
OSS;Ossingen;19.47161;8506023;47.61461396494439;8.724116551791843
PARD;Pardorea (c bin);101.93003;8505242;46.48897884557627;8.764748734666949
PFAF;Pfaffensprung (Spw);58.41537;8505143;46.71553830778666;8.608973305223449
PFU;Pfungen;7.57943;8506042;47.516038404854434;8.646633942248886
PR;Pratteln;8.33813;8500021;47.52266863171078;7.690817304270064
PRAM;Pramont;102.307;8519697;46.267990638676245;7.4678099296685465
PRNY;Chambesy;57.9;8510681;46.230980122292955;6.145664765533451
PRW;Pratteln;6.86115;8515422;47.52562744384223;7.672040431828736
RBLD;Zurich RB Limmattal;12.04321;8503043;47.41240020781536;8.397137159299389
RBLZ;Dietikon;11.40198;8503042;47.40860591484785;8.403442657681602
RCK;Rheineck;0.03434;8506313;47.4668859338979;9.590912635032883
REC;Reconvilier;58.01717;8500101;47.235238332936284;7.227417925338895
REK;Rekingen AG;38.11655;8503408;47.56997139138325;8.327125678610148
RFAU;Rheinfelden Augarten;73.548;8500313;47.54587823442721;7.768031874304913
RIAZ;Riazzino;164.923;8505412;46.17533630314796;8.886397373657436
RIBN;Rivera-Bironico;164.71027;8515423;46.128322520127725;8.923490510129376
RIV;Rivaz;13.55225;8501126;46.47420773607816;6.784594982914345
RN;Rikon;11.34951;8506005;47.44500981889414;8.796332149054088
ROC;Roche VD;33.84125;8501304;46.35869637210566;6.927052837461041
RS;Rorschach;97.26665;8506311;47.47800197542587;9.505141287395228
RSST;Rorschach Stadt;66.27202;8506322;47.47559232616209;9.489363708478669
RTH;Ruthi SG;30.22315;8509401;47.28673909329032;9.536056864305618
RU;Rupperswil;43.49284;8502114;47.403290250748185;8.126956365312209
RUEM;Rumlang;10.53706;8503311;47.45406560880629;8.532767322603767
RUTT;Rutti (Abzw);100.20899;8508049;46.989987857674905;7.4661615416626
RUV;Gumligen Sud (Abzw);9.962;8510283;46.92522596676745;7.530487156918208
RZ;Rafz;27.03774;8503404;47.603796795120196;8.543451411560936
SAAC;Sandacher (Spw);87.2;8515357;47.059885211074864;7.574782992003626
SAF;Safenwil;6.56045;8502100;47.32175790242052;7.9835182353423395
SBN;Subingen;74.80812;8500227;47.19352056897925;7.611232649946043
SCAL;Schwalmenacker (Spw);136.48111;8515176;47.503210888298774;8.736672726157238
SCHA;Schachen LU;80.136;8508217;47.03797339716988;8.14325892542839
SCHH;Schupfheim;60.06505;8508211;46.9506473598886;8.015150589244444
SCOE;Schonenwerd SO;48.1296;8502112;47.371423870608616;8.00015839874455
SCUE;Schupfen;15.69056;8504412;47.04185959244694;7.386001960210793
SE;Seon;36.85872;8502030;47.34614895652375;8.15880738977996
SGW;St. Gallen;81.55404;8506218;47.41635531547344;9.359500991131558
SH;Schaffhausen;364.421;8503424;47.69828151482092;8.63275578013484
SIB;Siebnen-Wangen;43.48406;8503221;47.18267069740888;8.900713603936849
SIE;Sierre/Siders;108.13264;8501509;46.292121563817425;7.532825555815483
SIG;Siggenthal-Wurenlingen;31.07094;8503502;47.52068999386756;8.240659996207949
SIR;Sirnach;113.83192;8506010;47.46199710407709;9.000474259335123
SIVS;Siviriez (saut km);33.7113;8516162;46.643536487675746;6.872414094975263
SLF;Schloss Laufen am Rheinfall;52.49224;8506039;47.67656565235865;8.614269044093051
SMG;St. Margrethen SG;53.81952;8506314;47.453215993731014;9.638261920244418
SPAO;Bellinzona S. Paolo;149.75;8505239;46.20359964821916;9.038476970329485
SSMS;Sedrun SMF;121.58712;8518323;46.66058674893159;8.77069758766815
STE;Steinhausen;34.73388;8502227;47.19458148019289;8.478436559235814
STJ;Morges-St-Jean;11.162;8501047;46.518195362853874;6.5080440329077245
STM;Stammheim;26.87864;8506024;47.63488129529668;8.788750140815177
STSA;St-Saphorin;14.54959;8501127;46.472593707752836;6.797033689379044
STU;Studen BE;28.265;8504441;47.111584525744625;7.300813586763054
SW;Solothurn West;74.78302;8500206;47.206717288423214;7.531949150112821
TAEG;Tagerwilen-Gottlieben;57.86013;8506132;47.659614790808305;9.13297928202785
TAEM;Tagerwilen Dorf;38.61918;8506198;47.65372117538615;9.139559599568292
TAEN;Tagerschen;6.71426;8506168;47.5093638759987;9.0247932743397
TALR;Tankanlage Rumlang;8.20419;8515476;47.43666392643839;8.549484285514513
TAMO;Tagermoos (Abzw);39.59375;8516163;47.65699506333757;9.14964818147419
TAOH;Tanklager Oberhasli;25.81438;8515478;47.4620278748541;8.484005159003713
TAPI;Taillepied (diag);4.346;8519693;46.50584037398157;6.681905507835376
TER;Territet;26.01975;8501301;46.42638156553879;6.922706951005673
TI;Tagertschi;17.22084;8508201;46.88228633354743;7.580836569598528
TOSB;Tossmuhle;23.41804;8508333;47.47881630182395;8.70653172431833
TOUR;La Tour-de-Peilz;19.90245;8501201;46.45545289156488;6.859532673443139
TR;Travers;22.44673;8504215;46.94241153500978;6.676561655877891
TWS;Thalwil;12.97242;8515481;47.290043040977075;8.572208460553888
UET;Uetikon;22.41884;8503105;47.259030130406266;8.678787098505433
UHDB;Hardfeld (Spw);91.97738;8515368;47.035270945020315;7.525913822368148
UST;Uster;81.35047;8503125;47.35036900902118;8.718709159486622
VAU;Vaumarcus;54.85391;8504204;46.87764317367583;6.757579221523324
VI;Visp;136.6589;8501605;46.29402913539463;7.881465475745339
VIGA;Vigana (c bin);158.01354;8505246;46.15070363348101;8.980897157519452
VSPW;Villnachern (Spw);35.34275;8500312;47.47510729778313;8.165038553882557
VSX;Versoix;51.954;8501022;46.27972718493067;6.165741292020816
VV;Vevey;0.0;8501200;46.46300181065662;6.8434455982384
VVO;Vevey;17.636;8515369;46.467630284210685;6.836117177508271
VZ;Villaz-St-Pierre;45.04215;8504024;46.72058040504258;6.960642881474321
WFKV;Weinfelden KVA Thurgau (Abzw);61.28927;8506117;47.558265211020526;9.12721650489513
WILS;Wil SG;1.3044;8515483;47.452300838627075;9.04337343398222
WK;Weiach-Kaiserstuhl;29.62599;8503406;47.563653414116544;8.425540724766787
WL;Wald ZH;39.61664;8503138;47.27269050456053;8.913999753344827
WS;Wallisellen;8.36727;8503129;47.41272308615273;8.59192819966959
WY;Wynigen;76.93381;8508006;47.10517483137686;7.6635068634986085
YVES;Yverdon-les-Bains;38.65;8515370;46.78013231750951;6.646940848951539
ZB;Ziegelbrucke;57.14637;8503225;47.13615591158956;9.060051669978666
ZGCA;Zug Casino;1.406;8517527;47.162318125209715;8.515202728612481
ZGN;Zug;28.7179;8515436;47.178127772951136;8.516285347033675
ZHDB;Zurich Hardbrucke;1.91229;8503020;47.38519789150452;8.517126201465674
ZHER;Zurich Herdern Abstellgruppe;3.26706;8503012;47.390718376893986;8.501414251385196
ZIM;Zimeysa;66.965;8501000;46.22123959466557;6.0659853485661
ZLOG;Zurich Wiedikon;2.2271;8515627;47.376686325463425;8.518642639609435
ZOL;Zollikofen;26.85;8504410;47.00182593543503;7.46291119582211
ZSEB;Zurich Seebach;23.30243;8503007;47.418750047096616;8.544660215512566
ZVBO;Zurich Vorbahnhof;1.61311;8515761;47.38300057965695;8.520567757954405
ZWIP;Zurich Wipkingen;2.30697;8503015;47.39303886875819;8.529382371410582
AAT;Aathal;77.38112;8503124;47.3359591338364;8.765625135347072
AGIP;Monthey Agip (embr);10.087;8501435;46.2886970208257;6.9359399842535066
AL;Altdorf UR;35.25017;8505113;46.87573871327732;8.631575417442793
ALLM;Allmendingen BE Sud (Spw);116.841;8515527;46.91714728201935;7.533696748813446
ALN;Altnau;92.91919;8506125;47.62136793230426;9.265917958555868
AN;Andelfingen;39.16548;8506047;47.59376618474327;8.67800161121179
AP;Ambri-Piotta;93.04375;8505202;46.51076379041375;8.689927898844136
ARCH;Arch;90.98034;8500223;47.16446705483848;7.418489191122856
ASSW;Amsteg Kabelstollen West;1.88409;8518491;46.76653886634371;8.67438800361086
ASZW;Amsteg Zugangsstollen West;-0.1;8518488;46.77617719796648;8.670632880860177
AX;Arnex;27.56496;8501107;46.6980776528438;6.51890716328841
BALT;Baltschieder (Agl);135.902;8515515;46.29540442432161;7.871948684222778
BALW;Hurlistein (Abzw);16.31512;8519645;47.43256999083069;8.643749989727388
BDR;Boudry;66.25347;8504208;46.95945708722832;6.835047623990482
BET;Bettlach;82.92457;8500203;47.194949414701796;7.428373016753346
BI;Biel/Bienne;104.5;8504300;47.13289787086168;7.242910603227559
BIM;Biel Mett;96.25;8504419;47.144725283875026;7.272487256323596
BLL;Ballwil;10.99329;8502023;47.153767655310126;8.316898802052265
BNBS;Bern Bumpliz Sud;92.99537;8504106;46.93748747604274;7.395237952496591
BOLE;Bole;8.3;8504218;46.96942291832487;6.83837449665921
BOSS;Bossiere;5.7756;8504003;46.50974851437563;6.699321762374976
BOU;Bouveret;22.91132;8501426;46.385817158888685;6.85324385779702
BOV;Boveresse;29.47;8504213;46.91901393370761;6.595409070871912
BRAG;Bad Ragaz;5.74004;8509004;47.01030947810428;9.505224978107687
BRG;Bargen BE;93.93611;8504403;47.040161668004394;7.261180411111744
BSDN;Dreispitz Nord (Spw);0.0;8510694;47.54129648873381;7.603825301176855
BSHA;Basel St. Jakob;2.76817;8505032;47.54153185455262;7.6230309419213
BSK;Basel Klybeck;0.001;8510699;47.57675199301571;7.588889591264078
BU;Buchs SG;15.86893;8509404;47.16841197936201;9.478636688917042
BUD;Buchs-Dallikon;32.85719;8503527;47.45340531179032;8.435601743967265
BUET;Butschwil;12.92551;8506203;47.359591252150935;9.075151063623059
BURI;Burier;21.5267;8501202;46.447886474978866;6.877121824811778
BYE;Bussigny;6.33829;8515312;46.54495879880434;6.558439131141427
BZ;Bressonnaz;36.065;8504019;46.65315160510324;6.791263084994819
BZS;Bischofszell Stadt;10.04624;8506213;47.49214090871157;9.24147856207087
CF;La Chaux-de-Fonds;29.457;8504314;47.09837435548115;6.825982721046245
CHEB;Chene-Bourg;73.11;8516274;46.19660016900358;6.19733346411845
CHF;Chateauneuf-Conthey;88.06912;8501510;46.21610868973712;7.305102199989551
CHHO;Geneve-Champel;68.986;8516272;46.1921933443026;6.153498724140746
CHNN;Chambrelien;10.2231;8515316;46.96842108330082;6.813550934223618
CHP;Yverdon-Champ Pittet;1.78;8504144;46.7821495936614;6.662320118216995
CHV;Chavornay;27.45883;8501112;46.71008452939175;6.568163247022746
CHX;Chexbres-Village;5.60631;8504013;46.48105723603592;6.778537790555145
CL;Clarens;23.0952;8501203;46.44273829900727;6.8957799366107455
CO;Cortebert;53.11778;8504306;47.18933714817653;7.1073092043210515
COI;Vernier;64.775;8501007;46.220718697502555;6.093891707487846
CORI;Cornaux industrie;1.6;8516194;47.03783604208903;7.030749908431273
CP;Corcelles-Peseux;4.32248;8504232;46.98335097241861;6.88381355417052
CRA;Crans VD;41.92047;8501017;46.35874979020708;6.212464218089284
CRET;Le Cret-du-Locle;33.4;8504315;47.077232722679575;6.784581290834581
CTM;Courtemaiche;117.9938;8500127;47.45586918373691;7.055380175122521
CTY;Courtelary;56.46951;8504307;47.17563154330843;7.068803269981394
CVT;Couvet CFF;26.04313;8504214;46.930382026004466;6.6340169997271445
DIH;Dinhard;9.96916;8506021;47.55334514795391;8.752980887390137
DKRB;Daniken RB;45.0;8516159;47.3534202727098;7.9712854142908265
DMT;Delemont;84.6069;8500109;47.36201270009398;7.350063323401273
DMTE;Delemont;84.965;8515324;47.36275855468349;7.354671283635138
DN;Deitingen;67.59769;8500209;47.21822579770602;7.618913024824969
DORF;Dorfnest (Abzw);13.37408;8503337;47.443378026855314;8.609569803692324
DTF;Dietfurt;14.61546;8506202;47.34455188311123;9.078320289692625
DTLS;Dietlikon;10.715;8515440;47.41735221032778;8.617855375692649
DUG;Duggingen;111.00225;8500116;47.45344485945267;7.603460736311324
EG;Egerkingen;49.10147;8500214;47.31486483591506;7.798966473462578
EGW;Eggwald (Spw);66.62448;8505142;46.698677147624885;8.593904864201804
ESCH;Escholzmatt;52.18869;8508210;46.915348231390944;7.936377957659939
ESL;Eschlikon TG;117.4467;8506011;47.461491059028106;8.958536201906604
ESP;Essert-Pittet;29.67427;8501111;46.72767332068426;6.580655818453199
ETOY;Etoy;19.34854;8501042;46.475172741371445;6.427135355558961
EZ;Eschenz;36.92798;8506138;47.64541208381578;8.876561720525443
FACE;Faido cunicolo di acc. est;2.66836;8518495;46.502514761652336;8.806274970559109
FEL;Felben-Wellhausen;46.19635;8506101;47.57710212728692;8.943174823204536
FEWA;Herrliberg-Feldmeilen;17.43672;8518251;47.2773482109303;8.621063825083885
FF;Frauenfeld;42.05133;8506100;47.5581634045698;8.896559673414256
FL;Fluelen;32.30055;8505112;46.90173016545787;8.624302653092034
FUBI;Furet (bif);0.0;8501028;46.208754160733676;6.11551600357596
GA;Gampel-Steg;125.8725;8501603;46.30651548089102;7.74758116307051
GEPB;Geneve-La-Praille;65.033;8517141;46.17867930915674;6.124969021930859
GESO;Geneve-Souterraine;60.11;8509287;46.21143678791196;6.142653466102814
GEST;Geneve-Stade;65.274;8516174;46.176713589390744;6.1260818266970665
GF;Glattfelden;19.39512;8503401;47.54855798112098;8.524055190179887
GIOV;Monthey Giovanola (embr);7.21;8501437;46.26499978912779;6.949629345670398
GIV;Givisiez;46.269;8504181;46.816755948016834;7.12996152131327
GL;Glarus;68.60283;8503230;47.03992414359789;9.071566413357488
GLA;Gland;33.78925;8501031;46.41998647124227;6.269139833631339
GLB;Glattbrugg;7.24569;8503310;47.4308267156281;8.558854148745313
GOR;Gorgier-St-Aubin;58.097;8504205;46.89907614599237;6.781025965556291
GRIL;En Grillon (diag);13.088;8519694;46.47432899037857;6.778672710551464
GRS;Grandson;42.71125;8504201;46.80628338337734;6.641943740303492
GRV;Grandvaux;8.3099;8504011;46.49694824046734;6.722650186115819
GTS;Gutsch (Abzw);92.84626;8505041;47.051609516354645;8.297089548878153
GUET;Guttingen;90.48996;8506124;47.60875297247665;9.292243051113404
GZ;Galmiz;80.674;8504129;46.95087062612547;7.1532073438305686
HAE;Hagendorf;45.30279;8500215;47.33026780297666;7.843816396453368
HAS;Hasle LU;64.14717;8508212;46.978151663178835;8.046981752038914
HB;Herzogenbuchsee;66.71516;8508008;47.18808612825785;7.70095826852794
HBLO;Heitersberglinie Ost (Abzw);17.48466;8515447;47.438061372033836;8.337637785091188
HBN;Herzogenbuchsee Nord (Ge);65.5;8508043;47.19696088417241;7.6951117286526225
HGO;Horgen Oberdorf;16.81272;8502208;47.25874981469799;8.589815820934767
HO;Hochdorf;13.71482;8502024;47.16697518871663;8.28869962431495
HOBK;Holderbank AG;38.76;8502128;47.42864252972158;8.166622369063539
HPT;Hauptwil;14.3738;8506212;47.476866593431176;9.25159153379684
HRDF;Hardfeld (Spw);91.6572;8508000;47.03778697127772;7.527946887096894
HURO;Hurlistein (Abzw);15.24087;8518271;47.42163609054197;8.669530359082257
JO;Jona;61.05575;8503120;47.230976641512754;8.834618052524483
KL;Kloten;11.29461;8503308;47.44860728556691;8.583809697460493
KRH;Kreuzlingen Hafen;61.80192;8506128;47.649163956570625;9.18198226763834
KUES;Kusnacht ZH;11.73777;8503101;47.319156627461595;8.580637816849846
KZS;Kerzers BLS;21.97724;8515334;46.97376238446421;7.192480740025618
LACL;La Clef;63.795;8519217;47.146531595104776;6.98436770161574
LECR;Lecheires (bif);13.20909;8501148;46.534787136450376;6.550877729312099
LG;Lugano;180.44953;8505300;46.0055005499147;8.94699530850776
LGPC;Paradiso (c bin);183.21114;8515409;45.98911377840741;8.950949719018622
LINB;Linthal Braunwaldbahn;83.96514;8503240;46.9283107486435;9.002643262432535
LINE;Linthal;84.84622;8515453;46.922663834745144;8.99491611059657
LN;Langnau i.E.;37.4672;8508207;46.93924227871931;7.784197434483274
LS;Lausanne;0.0;8501120;46.51679183546505;6.629092303198572
LSBI;Lausanne (bif);1.12625;8501139;46.52087641192505;6.616037089879887
LSN;Lausen;17.04112;8500024;47.47034467249265;7.759762813994755
LTH;Langenthal;-0.03513;8508100;47.21730287148524;7.784715135554721
LTK;Lausanne-Triage;10.89228;8518429;46.524041096495736;6.526724848813009
LTN;Lausanne-Triage Nord;6.74618;8501142;46.539027386822916;6.556026017750899
LUC;Lucens;43.38158;8504121;46.707771374509534;6.8421502331077
LUY;Lussy FR;42.93;8519129;46.709264526172866;6.938509391261867
LYFU;Lyss;101.495;8516186;47.090819377261376;7.308919029173684
LYGR;Lyss Grien;99.03;8518749;47.07268456551496;7.296503502216291
LZGB;Luzern Cargo;94.88021;8505009;47.04759999634957;8.31312000425208
LZZB;Luzern;0.76799;8518891;47.044563575324176;8.310238446307245
MAE;Marwil;11.25212;8506184;47.53313069078802;9.06923903989838
MAEG;Magenwil;25.93644;8502106;47.414508168243295;8.235155222397674
MDEC;Melide Centrale (bif);186.15844;8515414;45.96519339894653;8.947623879675511
MH;Muhlehorn;24.60025;8509418;47.117840244550116;9.17301805230243
MIT;Mitlodi;72.26972;8503232;47.010131613042276;9.081211940085185
MOSM;Mendrisio S. Martino;197.702;8518475;45.877220199283855;8.983092720478137
MPF;Mumpf;61.88109;8500303;47.54762608945331;7.909624389373159
MSPI;Munsterlingen Spital;95.46374;8506143;47.63204610328155;9.23611687217446
MTL;Marthalen;45.988;8506048;47.63137974671427;8.65606285065456
MTM;Mettmenstetten;28.91015;8502225;47.24407106505279;8.45738217922635
MTR;Matran;60.377;8504029;46.78893839520941;7.096328593825869
MX;Montreux;24.5365;8501300;46.435884341120214;6.910440121305958
NE;Neuchatel;75.29488;8504221;46.99672679256177;6.935701694124805
NET;Netstal;65.63633;8503228;47.064529021978416;9.059435905736834
NGG;Neuenegg;1.72;8504192;46.89414000007598;7.299860000088794
NGR;Neugrut (Verzw);6.58594;8509422;47.08803355335311;9.498193952100808
NH;Neuhausen;53.8373;8503423;47.68313341196783;8.62493454562013
NISO;Nidelbad (Abzw);10.8;8511019;47.30281781445858;8.546855108742413
NOI;Noiraigue;18.10913;8504216;46.954919612112185;6.721799144361478
NV;La Neuveville;90.04861;8504226;47.06283278734388;7.095232412017961
OA;Oberaach;73.20724;8506108;47.55331937375469;9.27106226685317
OBK;Oberkirch LU;71.1658;8502011;47.15523762236825;8.114234459651351
OF;Otelfingen;36.52178;8503528;47.45493620253032;8.387532432091914
OFR;Otelfingen Golfpark;35.3969;8503525;47.45582164359645;8.402113454905269
OLTU;Olten Tunnel (Spw);36.614;8500241;47.37218492100609;7.915444770455016
OM;Obermatt;39.65054;8508240;46.95096641951081;7.753813106720277
OPP;Oppikon;14.05437;8506185;47.55206426158076;9.062103411283285
OWTP;Oberwinterthur SA Punten;31.51756;8518875;47.52242560526943;8.772456494553468
PDS;Les Paluds;50.0688;8501440;46.22956931397719;7.000423084576068
PON;Pontenet;60.1214;8500135;47.23884832497655;7.254159257906262
POU;Poudeille;92.595;8519654;47.07733462689952;7.119243529304045
RANS;Rank (Spw);49.07453;8515731;47.289644919365266;7.852458753303344
RAR;Raron;130.09;8501604;46.306274414644975;7.801510601928515
RBLL;Zurich RB Limmattal;12.51626;8503544;47.4160892815361;8.393731537170913
REN;Renens VD;4.51005;8501118;46.5370424668982;6.578935338085809
REU;Reuchenette-Pery;42.0368;8504302;47.18973910147334;7.247024728889667
RI;Richterswil;27.45994;8503207;47.208374997059074;8.707481355037771
RK;Rotkreuz;99.35989;8502202;47.14176416722361;8.430495263903849
ROG;Roggwil-Wynau;54.48945;8508101;47.251639651880296;7.814916377827258
RUET;Ruti GL;82.84649;8503238;46.93454597370372;9.013038982472793
SAL;Salgesch;112.253;8501600;46.30919533661302;7.578194356945963
SAN;S. Antonino;157.17;8505415;46.15904913855444;8.969520646035745
SASL;Sargans Schleife (Verzw);1.61971;8509421;47.04186570091292;9.465052697558027
SAX;Saxon;75.27183;8501502;46.14938337843474;7.1734359920475095
SBAD;Schinznach Bad;36.14095;8502116;47.45178516429147;8.166948608446921
SCHT;Schlatt TG;43.28408;8503427;47.67949978635161;8.687510822554298
SCHW;Schwyz;17.00715;8505006;47.02639719104317;8.632151708388978
SEU;Seuzach;7.51319;8506020;47.535766975926364;8.738883430510043
SEV;Sevelen;10.94734;8509406;47.1253747655661;9.493835272443805
SHAU;Siegershausen;30.77812;8506195;47.61091699722556;9.168260018071356
SILB;Silberen (Abzw);13.29823;8515592;47.4213547504854;8.386977418996379
SJ;St-Jean (bif);61.59;8501039;46.205552999352655;6.127722541211648
SK;Sisikon;26.38269;8505111;46.94925401457026;8.620748727674636
SKY;Sennhof-Kyburg;7.20362;8506003;47.4651768845259;8.760346260416231
SM;St-Maurice;51.56494;8501403;46.21636950282697;7.00204389824896
SOAD;Solothurn Allmend;75.65197;8518963;47.20888629885865;7.52142705345769
SORD;Sordo (c bin);89.65514;8505241;46.51755711549208;8.647562844259902
SSMF;Sedrun SMF;121.0;8518303;46.665850346581756;8.770199394848815
SSMN;Sedrun SMF;220.41576;8518322;46.67097907181589;8.768409095205719
STGI;St-Gingolph (Suisse);26.8046;8501428;46.39219441815715;6.805932004119447
STI;St-Imier;62.38107;8504310;47.151711081164734;7.00122388741089
SU;St-Ursanne;101.66028;8500124;47.367702903391084;7.165957053541903
TAN;Tannay;48.2246;8501015;46.30764514488336;6.181120364557774
TAOO;Tanklager O'fingen (Gleisende);31.5086;8515479;47.4574995925439;8.415703115167506
TD;Tann-Durnten;44.51962;8503139;47.26837759226559;8.852722725525432
TG;Turgi;27.43298;8503503;47.491757319530116;8.253458645708486
TKLL;Lechelles Tanklager (embr);38.025;8504145;46.83071277945006;7.040131074044837
TLH;Thalheim-Altikon;11.83809;8506022;47.569621350843654;8.757643235847054
TOA;Tobel-Affeltrangen;8.22472;8506183;47.52130135182192;9.033709383581389
TOL;Tolochenaz;14.72361;8501046;46.49684009504634;6.475008978773484
TREY;Trey;53.40557;8504142;46.779957097461555;6.916250945172529
TRIM;Trimmis (Spw);19.04243;8509040;46.909143871815566;9.553419782389508
TUR;Turtmann;122.11129;8501602;46.30933141469973;7.69960496791651
URDW;Urdorf Weihermatt;9.8447;8502229;47.38096998247;8.430342513288512
VEN;Vengeron (diag);57.22586;8501018;46.24610356514406;6.1473597602854895
VER;Les Verrieres;39.36;8504211;46.90532664993051;6.47939281944945
VERX;Vernex (diag);23.877;8519695;46.44025201040649;6.905171925693265
VG;Villars-sur-Glane;62.1187;8504030;46.78982981875989;7.116385623875696
VM;Meyrin;66.114;8501006;46.22233545183765;6.076900799007904
VMC;Vernier-Meyrin Cargo;65.433;8515778;46.22239230250423;6.0857111963233175
VVFU;Vevey-Funi;0.85;8504015;46.46827670459154;6.835443290340249
WAE;Wadenswil;-0.09455;8503206;47.22930727741808;8.675216270989166
WAU;Wauwil;62.53;8502006;47.18385897475109;8.019020059353005
WCH;Wichtrach;125.7325;8507007;46.84161208605273;7.568855806828144
WCHW;Walchwil;9.4524;8502205;47.09868699550933;8.516934393756012
WI;Wildegg;40.41538;8502115;47.4152751447489;8.163019908507527
WIN;Winkel am Zurichsee;14.58931;8503111;47.29720784525093;8.598988309405131
WN;Weesen;30.7139;8509419;47.129921015838285;9.094710546946285
WST;Werthenstein;76.1464;8508216;47.05702513519374;8.101863241964066
WTOE;Winterthur Toss;1.7178;8506044;47.489806384101435;8.709309943438848
WUZW;Wurenlingen Zwischenlager(Agl);32.735;8515756;47.535506919277424;8.24377349879745
WWAL;Winterthur Wallruti;4.6252;8506038;47.516721663533794;8.760882167318066
WWE;Winterthur;1.00154;8506032;47.492452062402336;8.717302397113352
WWY;Winterthur;25.49472;8516647;47.49526739384495;8.719593546021361
ZAE;Zaziwil;24.33955;8508203;46.899752311967966;7.662882111205925
ZFN;Zofingen;0.41172;8515435;47.29122121315147;7.94027718668088
ZGPP;Zug Postplatz;0.605;8502300;47.168275682214095;8.516937376566682
ZGRG;Zgraggen (Spw);50.53419;8505144;46.75771840672836;8.646686437777628
ZGS;Zug;29.23044;8515437;47.173535240204956;8.515697584928175
ZTB;Zurich Tiefenbrunnen;7.94141;8503004;47.3501246826194;8.561389849707629
ZVBW;Zurich Vorbahnhof;2.80958;8503026;47.38783515386456;8.5061658928225
ZWOL;Zurich Wollishofen;5.80646;8503009;47.34744024475501;8.53360101345863
ABE;Aarberg;95.49304;8504404;47.04454127724739;7.278692565659158
AE;Aesch BL;113.00006;8500117;47.46774466229042;7.603068210227584
ALSA;Al Sasso;160.0138;8515374;46.14661133337713;8.957835462889149
AS;Amsteg-Silenen;46.54553;8505115;46.78100200462637;8.672105544413071
AU;Au ZH;20.72628;8503205;47.2468179444234;8.643725909034172
AV;Avenches;69.11816;8504126;46.88460159766171;7.0409253236567135
BAAN;Baar Neufeld;27.56;8515992;47.18849295129772;8.517780783430128
BAV;Bavois;24.87822;8501113;46.68767991038704;6.559334852363642
BAZ;Bazenheid;6.92195;8506205;47.410126537340275;9.069059802452417
BELE;Bellach Industrie;77.62888;8519032;47.2084314527957;7.495406317429641
BERG;Berg;27.284;8506194;47.582489130476986;9.173921928906056
BLU;Blumenau;57.34306;8503113;47.22367068251935;8.84240509395636
BNK;Benken SG;43.40673;8503118;47.204458146355435;9.008654221852051
BNWF;Bern Wylerfeld;108.375;8507001;46.965840453756144;7.458309293588346
BNWK;Bern Wankdorf;108.97;8516766;46.9669458750708;7.465810291504663
BNWM;Bern Weyermannshaus;94.61516;8507010;46.947325256230755;7.410928730867835
BNZ;Benzenschwil;85.40633;8502216;47.24685150439813;8.365616894910618
BOAN;Bodio cunicolo di aggira. nord;1.26169;8518497;46.38006234158819;8.916719943910834
BOWN;Boniswil;33.52;8518171;47.32100056709932;8.181900415881202
BOZN;Bozberg Zugangsstollen Nord;41.96858;8510215;47.47310409006397;8.104121285670274
BRU;Brunnen;20.5245;8505007;46.99917491314123;8.610067661012486
BSD;Bassersdorf;14.75314;8503307;47.438570561596144;8.62622094430108
BSGI;Basel SBB Tiefbahnhof;0.006;8510695;47.54254063922388;7.601690669392408
BSHM;Hagnau Mitte (Spw);0.001;8510689;47.54034099256869;7.628805683212091
BSHO;Basel St. Jakob;0.001;8510692;47.5398812897316;7.629428290987172
BSJA;Basel St. Jakob;2.47827;8500038;47.54261314576959;7.619532291690768
BSRA;Basel Bad Bf;0.0;8510702;47.56414696556042;7.62353554418014
BSRB;Basel SBB RB;4.623;8500013;47.53635857226703;7.6463823155621204
BSVB;Basel VB Grenze;3.53459;8516180;47.560251426372716;7.613185089730056
BSWH;Basel Werkstatte Hardacker;0.001;8510690;47.539909326044615;7.634209854652416
BUB;Bubikon;68.65925;8503122;47.27084101315205;8.822714839063496
BUC;Buckten;28.815;8500034;47.408991047992814;7.847800531020693
BURN;Buchrain;57.065;8516350;47.093649915105956;8.356658501855094
BZN;Bischofszell Nord;6.78324;8506215;47.500415214925496;9.234035276507907
CAOF;Castione Officine (Stas);146.30588;8510281;46.23339311200822;9.037618050112277
CAOS;Castione Officine (Stas);146.99215;8510896;46.22770260667421;9.040954854627296
CDM;Champ-du-Moulin;13.64584;8504217;46.959911756312096;6.7749889657800555
CFO;La Chaux-de-Fonds Les Forges;30.73;8504321;47.091335323197484;6.8127802604652326
CFV;Courfaivre;90.109;8500121;47.33508312531987;7.291165742215081
CHAM;Cham;43.57412;8502203;47.17824387740836;8.457504763732404
CHE;Chenens;49.622;8504025;46.749210788973215;7.000429644728207
CHNF;Chambrelien;10.73519;8515315;46.96543416015896;6.808690775009462
CHW;Chur;26.70952;8515439;46.850611063510854;9.51647460574722
CLB;Colombier NE;67.66967;8504209;46.96765238950404;6.848869743321681
COG;Corgemont;50.22;8504305;47.19339876795823;7.1446614596703
COP;Coppet;47.00292;8501023;46.31739357074577;6.187827380950365
CORM;Cormoret;57.63528;8504308;47.17294709932329;7.054123568207503
CRNE;Cressier NE;85.55013;8504224;47.05195280516074;7.039532072210011
CS;Corcelles-Sud;29.73142;8504135;46.828847373303596;6.957192176936627
DA;Dachsen;51.30854;8506049;47.66709049852094;8.613822740634538
DAIL;Daillens;18.458;8501146;46.632281307449375;6.542478607885003
DEN;Denges-Echandens;8.3784;8501045;46.52912709914973;6.5405054818833115
DI;Dielsdorf;17.4629;8503315;47.48242050548955;8.459443753213174
DOP;Dompierre FR;63.65763;8504124;46.85440276234438;6.98536880347736
DSH;Diessenhofen;38.18616;8503428;47.68546822382189;8.752299397885238
DT;Dietikon;11.06546;8503508;47.40578380656623;8.404988187894768
DU;Dulliken;42.94104;8502110;47.35427613722325;7.946501331157318
DUED;Dudingen;72.21455;8504101;46.85105245533772;7.1897532100125545
EPS;Epesses;9.97763;8501125;46.48932879519122;6.745166034120104
ERL;Erlen;69.7048;8506107;47.55146027649124;9.226201980586525
EVOU;Les Evouettes;19.52614;8501425;46.362866973249105;6.879470220561007
EYSI;Eysins (embr);2.66497;8516946;46.381398236944186;6.204014872848077
FACO;Faido cunicolo di acc. ovest;-0.0788;8518494;46.48700975471973;8.778521402262587
FB;Feldbach;31.40364;8503109;47.239203561365606;8.78349776634606
FE;Felsenau AG;50.02189;8500328;47.60556987803958;8.221183237063505
FFPP;Frauenfeld;44.44142;8506147;47.5713004729046;8.921424638104867
FISH;Fischerholzli;37.73;8518156;47.67406555848764;8.604459958801089
FLA;Flawil;95.32622;8506209;47.41518938373985;9.189785591411313
FRE;Frenkendorf-Fullinsdorf;12.19992;8500022;47.50146999108255;7.719110531551347
FRI;Fribourg/Freiburg;65.99265;8504100;46.80314817217614;7.151046883336622
FRIN;Frinvillier-Taubenloch;39.11025;8504301;47.16945779658899;7.257529276223134
FU;Full;52.26117;8500327;47.60940522072383;8.196980444916024
GDA;Gordola;166.56799;8505402;46.17904027239146;8.865773290075774
GEAF;Geneve-Aeroport;66.6;8515329;46.23526661651166;6.115777217633818
GEC;Les Geneveys-sur-Coffrane;16.8975;8504236;47.01509638874259;6.853217632174566
GELF;Gelfingen;19.35953;8502026;47.21355903877232;8.26482492435437
GEPF;Geneve-La-Praille;66.9;8515330;46.18597085409535;6.131158275642656
GESE;Geneve-Secheron;58.86;8516283;46.22244030850258;6.1445611504026765
GIO;Giornico;121.656;8505206;46.40264509309141;8.872133209635216
GRWV;Grellingen West (Spw);107.324;8509427;47.43860714419263;7.571889182811168
GS;Grenchen Sud;85.3135;8500202;47.1887746886701;7.398180061160913
GSK;Gisikon-Root;52.823;8502201;47.12132766775897;8.394788526650432
HAG;Haag-Gams;20.38732;8509403;47.20734970278912;9.478867036941528
HBTS;Hauenstein Sud (Spw);34.035;8500247;47.394709889755276;7.9072885828102235
HG;Horgen;16.78603;8503204;47.26148337461028;8.596916996571368
HGT;Henggart;35.00994;8506046;47.56425724371697;8.68507523532507
HM;Huttlingen-Mettendorf;48.67064;8506102;47.58234363610623;8.974555007577901
HN;Horn;93.46531;8506307;47.49317998027562;9.463387883336722
HU;Hunzenschwil;63.26981;8502104;47.38828588616155;8.12569323096962
HUEW;Huntwangen-Wil;23.60162;8503403;47.5812688988791;8.512848049738306
HUZY;Hunenberg Zythus;44.355;8515996;47.17360756726207;8.450095247059698
IT;Itingen;19.151;8500025;47.46727871777734;7.787225979669531
JKLM;Bern;96.32138;8507012;46.94824288730878;7.4288946941714284
KBD;Koblenz Dorf;46.92473;8503411;47.60938608467445;8.240163896961624
KIL;Kilchberg ZH;8.63617;8503200;47.32443156961683;8.548016404592923
KLB;Kloten Balsberg;8.79927;8503309;47.44229037022977;8.570718492852404
KMUE;Zug Chollermuli;41.196;8502230;47.18023757775795;8.486645706225614
KN;Kempten;15.75999;8503300;47.3320431153286;8.804720692502974
KPT;Kempraten;33.83199;8503112;47.23839772828489;8.814310960175693
KUE;Kussnacht am Rigi;16.19395;8505002;47.083594155220936;8.433517457319269
KURZ;Kurzrickenbach Seepark;98.85022;8506119;47.643080836109164;9.196359370708285
LAV;Lavorgo;112.58013;8505205;46.44090172513061;8.83974741803317
LBSE;Lenzburg;42.044;8518791;47.39060721216006;8.171049965873483
LEI;Leibstadt;55.27127;8500326;47.593239196071835;8.16555706010843
LENO;Lengnau BE;12.64243;8515335;47.18093253870875;7.370439671651
LGB;Leuggelbach;77.35064;8503235;46.975742862482754;9.046944337183337
LITT;Litti (Baar);24.516;8502242;47.208901937598;8.535797025246106
LOEW;Muntelier-Lowenberg;78.5725;8504140;46.93797415143368;7.133261520616002
LSPA;Lausanne;0.898;8519447;46.51300730333833;6.638925629414936
LT;Lausanne-Triage;11.96777;8501049;46.52715465323297;6.539296851724069
LTF;Lausanne-Triage;9.3;8501150;46.52531154388454;6.529706487626105
LY;Lyss;23.3666;8504414;47.07632350393196;7.306301548487288
LYS;Lyssach;86.54243;8508004;47.06376091544537;7.581323581830343
LZTB;Luzern Tiefbahnhof;100.253;8509010;47.049003198601454;8.310717963327779
MAL;Malters;83.115;8508218;47.03858422127953;8.181971951783824
MBGW;Mulberg West;54.0;8519643;47.43886053212792;8.654513587184654
MEG;Meggen;10.72047;8505001;47.05014779580283;8.38306144387713
MELH;Mellingen Heitersberg;22.24;8516219;47.42807508777434;8.276363251209915
MELS;Mels;2.54876;8509412;47.053746256307925;9.417758272295782
MGT;Murgenthal;52.2224;8508102;47.26538126991034;7.832105940803532
MI;Muri AG;81.4905;8502215;47.276666230203496;8.339820727262998
MOE;Mohlin;68.2677;8500302;47.56185846600764;7.8338626581120545
MOLS;Mols;16.37362;8509415;47.11299067780592;9.276816573645187
MSCH;Munsterlingen-Scherzingen;96.16578;8506126;47.633426639515186;9.227011764712556
MUEB;Munchenbuchsee;10.12482;8504411;47.021375785610516;7.451947669711054
MUEH;Muhlau;88.46876;8502217;47.22501998719308;8.388524027482994
MWIA;Munchwilen AG (Abzw);72.80743;8515162;47.54229871152062;7.969611325427892
NIF;Niederfeld (Spw);54.82916;8515171;47.52944553755433;7.995316769883039
NOU;Nieder- und Oberurnen;58.9095;8503226;47.12236168863995;9.062393752503791
OB;Oberbuchsiten;51.42227;8500213;47.30524722943971;7.771723764143214
OEF;Oberentfelden;13.62525;8502102;47.35648639544815;8.048387123619497
OLH;Olten Hammer;40.6274;8500217;47.34855515899264;7.897723971976287
OLS;Olten;40.0;8515418;47.345616818459774;7.9076298406613805
OWTU;Oberwinterthur;30.61045;8506037;47.51479982788252;8.767820222274354
PAL;Palezieux;20.5975;8504014;46.54276359358115;6.837875276813898
PFZ;Pfaffikon ZH;11.33125;8503301;47.36708623786168;8.784799698482088
PIA;Pianotondo (c bin);117.41615;8505244;46.420799596621755;8.860945452043822
PRMA;Prilly-Malley;2.354;8518452;46.52669197652311;6.6026289392506525
PRN;Prangins;37.04339;8501040;46.396004406420076;6.244980948432408
PT;Le Pont;11.293;8501100;46.66866749159968;6.324719892418338
QUA;Quartino;163.95801;8505405;46.151298089235915;8.887331214589468
RAET;Raterschen;131.83907;8506015;47.49868192254522;8.795017129519772
RBG;Rothenburg Station;84.54878;8502020;47.08918367453328;8.24756144538213
RBLU;Zurich RB Limmattal;14.1484;8503048;47.42508730454478;8.376887896359632
REG;Regensdorf-Watt;29.49171;8503526;47.43656352578831;8.472084926958399
RF;Rheinfelden;71.62832;8500301;47.55121403249843;7.792168901161147
RID;Riddes;79.56962;8501503;46.17251115006015;7.217854422172533
RMZ;Ramismuhle-Zell;13.52105;8506006;47.44153899481303;8.819137324531855
ROL;Rolle;26.663;8501033;46.46274581604107;6.336403807618889
ROME;Romont Est (racc);41.56;8515356;46.70214269580341;6.923889045816141
ROR;Rossriet (Spw);8.5798;8509044;46.997925500745175;9.535423957969526
RSHF;Rorschach Hafen;96.31988;8506306;47.47858991837843;9.492923293623763
RT;Riet (Verzw);8.23179;8503339;47.438970144568685;8.565054840962473
RTI;Ruti bei Buren;92.63772;8500222;47.15457183588037;7.402156886995507
RUB;Rubigen;119.03812;8507005;46.899169737980586;7.545368360419763
RUE;Ruti ZH;65.93582;8503121;47.26048380429486;8.854079463450585
RUEN;Rumikon AG;34.54316;8503415;47.56538384976879;8.373666917867116
RUS;Russin;72.752;8501002;46.18839513072924;6.0180359566242245
SA;Sargans;0.1684;8509411;47.044823514414546;9.446260474660967
SAS;Salez-Sennwald;24.57438;8509402;47.241449078943326;9.502335725261336
SCAE;Schanis;37.09457;8503119;47.15765714575394;9.043976167922057
SCHG;Schlossberg (Signau);28.64559;8516279;46.90715174307869;7.712204807335289
SCHL;Schlieren;7.50708;8503509;47.39917636823757;8.44724506333892
SCMI;Schmitten FR;77.85982;8504102;46.86294135797503;7.253920397818741
SD;Saland;21.24776;8506009;47.39421140867273;8.854221360632037
SHGE;Schaffhausen GB;56.894;8519622;47.7049904453473;8.637540276560777
SIPO;Estavayer-le-Lac;19.47;8504119;46.84008496457779;6.856707103184019
SIV;Siviriez;35.725;8504022;46.65926659347296;6.885348506672133
SLN;Sisseln;71.00126;8500321;47.54563660741077;7.993095037017197
SOYE;Soyhieres;88.95676;8518339;47.389672539968636;7.375379585293934
STAE;Stafa;26.48672;8503107;47.240527198456455;8.72165286993619
STER;St. Erhard-Knutwil;66.80377;8502010;47.18008191185555;8.074581534713914
STKW;St. Katharinental West;40.58527;8519194;47.68473601462195;8.72180835658758
STN;Steinen;13.92185;8505005;47.04766863926213;8.607449314258474
STR;Stein am Rhein;34.86062;8506139;47.656110964973536;8.855020054294652
STRI;Steinhausen Rigiblick;35.487;8518459;47.18786377023681;8.479703872985537
SY;Satigny;69.365;8501003;46.214227225533854;6.037665211701823
TAV;Taverne-Torricella;173.99196;8505218;46.05668555743585;8.930330425943067
TEN;Tenero;167.76325;8505401;46.17746745868609;8.85022618523051
THEG;Thun;131.877;8515365;46.787444550204384;7.584844936922713
THOD;Thorishaus Dorf;86.88105;8504115;46.89356923704155;7.351866624364696
TU;Turbenthal;15.87563;8506007;47.43738455436957;8.843819888837626
VEY;Veytaux-Chillon;27.09045;8501302;46.41762119586779;6.927860782293662
VTE;Villette VD;6.67962;8501123;46.49542481880895;6.707377298812546
WAA;Wangen an der Aare;64.29971;8500210;47.23195652523859;7.656234488596417
WAST;Walterswil-Striegel;4.93943;8502121;47.31992356869371;7.963203602001296
WCHO;Walchwil Horndli;7.978;8517112;47.10846112075435;8.504777634734845
WKD;Wankdorf (Abzw);109.48385;8507044;46.96532489080713;7.472137547298972
WWUE;Winterthur Wulflingen;4.68091;8506043;47.50643584991768;8.6809295443414
ZEN;Zurich Enge;3.93155;8503010;47.364098818019286;8.53082057474785
ZF;Zofingen;47.46243;8502001;47.28805253539382;7.943117673978091
ZFFR;Frauenfeld Zuckerruben;40.34774;8506115;47.554187637329846;8.875203170823742
ZGO;Zug Oberwil;3.135;8502231;47.14768364168662;8.50994051686946
ZGV;Zurich HB Cargo GV;2.07693;8515298;47.384388589237204;8.514426444394836
ZHOS;Zurich Hottingen (Spw);102.5;8510557;47.36678028430963;8.559824781598381
ZHW;Zurich Hauptwerkstatte;3.07761;8515145;47.38811901071305;8.502369002240957
ZK;Zollikon;9.53595;8503100;47.33733459652272;8.569740625826567
ZMUS;Zurich HB Museumstrasse;100.0;8515163;47.37840820797196;8.540714164066666
ZOLN;Zollikofen;8.15222;8515371;47.00769139127405;7.465881094124272
ZULQ;Zurich HB;-0.1;8516199;47.377843730476165;8.541442426832809
ZUN;Zurich HB Nord;1.43687;8515164;47.38435170500954;8.523471350435445
ZWD;Zweidlen;26.16243;8503405;47.57044815980139;8.467918937052124
ZWG;Zwingen;103.43933;8500114;47.43379918730451;7.530463031351538
